FeeID,InvestorID,FundID,ManagementFee,PerformanceFee,Date
1,222,62,0.02100792876555705,0.12842626852923372,2024-04-07
2,109,6,0.027947315566674583,0.18127219783862897,2024-03-20
3,120,29,0.020736554714992868,0.14369865157422274,2024-01-03
4,928,49,0.012898758665885489,0.17041830710833328,2024-02-28
5,952,87,0.011741819926168707,0.17261181302904605,2024-02-18
6,991,80,0.027682579848349688,0.15718728877495844,2024-01-25
7,753,68,0.025238944681782116,0.17646316171688356,2024-01-24
8,596,34,0.015603137068168684,0.16023858634596022,2024-03-04
9,183,73,0.0299264772367855,0.14750401290967938,2024-01-03
10,764,92,0.02627409472801913,0.13992656722133728,2024-03-21
11,884,40,0.017606605745913873,0.15917224186662704,2024-01-23
12,956,38,0.020246747957764398,0.19315744450365505,2024-03-07
13,788,14,0.01387090049926026,0.148756293359412,2024-02-18
14,169,48,0.02897497966671199,0.16781201493790543,2024-04-03
15,349,57,0.010909834603181005,0.13286536862928758,2024-03-30
16,931,75,0.027132801209342715,0.16516699665757292,2024-02-07
17,320,14,0.011430480196365101,0.15937731816782935,2024-03-15
18,760,50,0.02776683630685893,0.12430922383079446,2024-02-19
19,603,21,0.02596788876795547,0.12014444755265283,2024-01-10
20,852,98,0.012021949787704402,0.11286785191458414,2024-03-23
21,842,72,0.022378111980784876,0.17411237984739192,2024-03-08
22,655,60,0.020028220905625484,0.16013119284645877,2024-04-20
23,244,32,0.028176585615362966,0.11099527494512267,2024-01-04
24,729,67,0.01168072481113133,0.100571767425811,2024-02-18
25,908,67,0.013273881074268285,0.15923028295596017,2024-02-09
26,761,33,0.016384959108252658,0.13968399000218956,2024-02-07
27,126,100,0.017256930679406323,0.13742805677779177,2024-01-03
28,963,23,0.01727885091940415,0.15892817740934886,2024-01-16
29,559,64,0.028039061255972234,0.1799995878747897,2024-04-14
30,212,75,0.017787831759925717,0.12687359949470767,2024-02-20
31,3,88,0.01699691108570948,0.10511586630875386,2024-03-09
32,363,62,0.020874199715408513,0.14335745492397198,2024-01-02
33,409,87,0.015821545151102574,0.16217977947323517,2024-03-15
34,315,9,0.02625102729144821,0.17296745921887874,2024-02-16
35,267,70,0.016628297291924367,0.1622791981193654,2024-01-04
36,686,62,0.021771105902794977,0.1326386786781678,2024-02-19
37,882,67,0.026658112124954052,0.19993524317730954,2024-02-05
38,596,42,0.029274651580637148,0.18331136277028617,2024-04-17
39,807,80,0.01883688324697503,0.12889720887844952,2024-02-08
40,688,82,0.029820637394177674,0.1729137117181164,2024-04-07
41,442,79,0.02811051690418949,0.1660902044934569,2024-04-06
42,925,30,0.012018768313984516,0.166030262245959,2024-04-27
43,973,57,0.02230383590760182,0.13841312124437932,2024-04-18
44,382,3,0.018982531045045988,0.16198253670468404,2024-03-27
45,146,19,0.021505128604983638,0.12258777189399808,2024-04-08
46,402,15,0.010894057652240748,0.1635593310949487,2024-03-03
47,931,96,0.024138042477016147,0.13715451740295223,2024-02-10
48,948,89,0.02074124089643604,0.11789599866204319,2024-02-11
49,636,72,0.024672496650124,0.11121815073106864,2024-03-29
50,480,43,0.0137766330894681,0.17339100632158977,2024-04-05
51,578,54,0.019403692416612973,0.19014173110275845,2024-03-05
52,312,24,0.01895976800795353,0.17448604018337804,2024-01-28
53,15,21,0.021582652301364406,0.1482192234955218,2024-02-29
54,825,36,0.015398714398618073,0.10879962648317265,2024-01-28
55,250,64,0.012859379244768472,0.1276520357614476,2024-01-08
56,967,27,0.01802200293646021,0.12201273312008043,2024-04-22
57,917,38,0.01792179676951143,0.16208303395960277,2024-04-27
58,340,27,0.0237371166309519,0.13175760128783243,2024-02-08
59,463,35,0.015504712613868456,0.1756401674471731,2024-01-17
60,820,14,0.028080756070251046,0.15528570716091566,2024-04-25
61,683,59,0.029550645410802434,0.1644483723924389,2024-03-21
62,974,69,0.023298509634419776,0.18729261356700372,2024-01-09
63,585,67,0.01949229821163003,0.16667908819323235,2024-04-21
64,299,100,0.017955471999357167,0.18208916388736804,2024-02-05
65,804,87,0.014097304797340292,0.12475381112308132,2024-01-29
66,212,90,0.014891555491921563,0.1984078873635595,2024-01-27
67,478,63,0.025592750901945325,0.186896827515593,2024-04-05
68,995,33,0.022618464925656615,0.16391192822567913,2024-01-24
69,400,58,0.02364870437960115,0.13879017953880035,2024-02-20
70,411,37,0.01003745640006911,0.1438440205566358,2024-04-25
71,932,13,0.017488365571560333,0.19003186513145875,2024-04-17
72,354,52,0.01932717954351367,0.12412167410976764,2024-03-08
73,434,32,0.027209370398999774,0.1696695241247238,2024-02-24
74,406,38,0.023413859928020656,0.10915483590774157,2024-03-16
75,774,2,0.026959081309299554,0.19660305430739736,2024-03-31
76,200,75,0.027846217332735415,0.10869872282311575,2024-03-17
77,206,87,0.021252218642708185,0.1703442799434019,2024-02-02
78,674,68,0.02107219448481304,0.16263264409401446,2024-01-12
79,24,5,0.014848188544797587,0.10658449469984915,2024-04-20
80,161,30,0.02945996223382001,0.17524710604872154,2024-01-24
81,484,41,0.010947525851334138,0.12065876265022851,2024-02-22
82,420,54,0.01609951273537729,0.11136340656476816,2024-01-17
83,599,26,0.013435876956277865,0.16951285837013164,2024-01-27
84,600,86,0.015991921421578646,0.14736362711893747,2024-03-07
85,741,99,0.013454989494775811,0.18990748023598036,2024-03-24
86,735,51,0.029051541019246903,0.13984578520070418,2024-01-09
87,671,98,0.01257160888069345,0.15205560568137014,2024-01-31
88,659,18,0.02543978909513346,0.18927588554871977,2024-04-20
89,204,61,0.025592455454706085,0.19041047540384104,2024-03-17
90,467,27,0.015905844218549625,0.12718659730328524,2024-02-26
91,178,70,0.011219871253139198,0.12098726011689455,2024-02-14
92,127,48,0.028799074365227953,0.11260234441163547,2024-01-04
93,256,36,0.010708600576687662,0.14241819933164968,2024-01-19
94,566,11,0.019754054157270766,0.19232362486744045,2024-03-11
95,617,57,0.022862953465368627,0.1546198864907466,2024-01-06
96,58,93,0.027705992917724048,0.19352892119187748,2024-03-08
97,359,98,0.02098437084561925,0.1258173507394507,2024-02-07
98,355,14,0.02491564555666101,0.17589668503395592,2024-01-12
99,796,73,0.02753815078403423,0.10130049827037259,2024-01-23
100,978,93,0.028990340851871632,0.16066659584547133,2024-02-13
101,399,88,0.016528780279514196,0.17225074292118742,2024-04-27
102,244,29,0.023092904260664855,0.15459938456922523,2024-03-29
103,526,60,0.023277763872650976,0.11477696293878747,2024-01-01
104,289,84,0.02941821292184022,0.15630863329048084,2024-03-30
105,283,53,0.024794419965050964,0.1949071378564594,2024-04-04
106,185,63,0.027835297720458244,0.17408139774884993,2024-03-14
107,312,28,0.013980041790051493,0.1409033955485824,2024-01-23
108,68,71,0.02341612938028271,0.19777503870756719,2024-04-06
109,35,23,0.018939385013948113,0.18178947540304843,2024-02-09
110,191,75,0.02747429576043759,0.162213415909582,2024-04-22
111,820,92,0.020339756488683886,0.12947341411165392,2024-02-18
112,557,98,0.016012782802441387,0.10498359220474333,2024-02-01
113,884,67,0.014622165038801397,0.14745854922459598,2024-02-02
114,957,99,0.023024380849733912,0.19970892811022825,2024-03-27
115,880,84,0.02865260547802114,0.13503563114026146,2024-03-22
116,121,40,0.01943953558534535,0.18080875577277442,2024-02-29
117,659,70,0.011049662712610374,0.15883444691397233,2024-03-31
118,223,23,0.01969638070438287,0.14060388313331826,2024-03-31
119,435,53,0.025085358697524755,0.19491384439595577,2024-01-28
120,691,17,0.02183143905403859,0.10973999249168881,2024-02-07
121,901,47,0.01497107673122144,0.10992418339117584,2024-02-16
122,449,53,0.019864333168794525,0.1589945964040017,2024-04-16
123,314,83,0.01162601307735488,0.134556572490357,2024-04-03
124,375,33,0.014041286717572144,0.18688714286624714,2024-01-07
125,984,4,0.026611424569922736,0.15405157127456592,2024-03-17
126,153,54,0.029709214848928495,0.1956171903106586,2024-02-12
127,82,57,0.010730883477232216,0.11040598374690191,2024-03-15
128,625,60,0.028807131529040617,0.1186800998602488,2024-01-15
129,724,52,0.014661206864533337,0.1878355466010889,2024-01-03
130,979,5,0.021181113078886905,0.16294068705342385,2024-04-03
131,534,51,0.017490954651442684,0.12244017560554057,2024-01-20
132,55,64,0.026102355004477405,0.18453115844826362,2024-03-13
133,615,33,0.025683177054561766,0.18032364375755883,2024-03-24
134,637,57,0.015562731771458085,0.11668246447468311,2024-01-31
135,283,76,0.012253497783177391,0.13876712792869714,2024-02-29
136,800,3,0.027984819412510215,0.18755160223497722,2024-02-14
137,366,90,0.01652964629686905,0.14953615064800624,2024-01-20
138,867,87,0.027463797281262664,0.188686233727896,2024-03-29
139,162,1,0.01567233040116711,0.12433903042933601,2024-01-16
140,862,23,0.02707811628788699,0.13830923092797434,2024-03-06
141,681,81,0.027050297507732628,0.14182232972472672,2024-01-01
142,467,85,0.028394895541232236,0.15615562095875113,2024-01-02
143,290,1,0.011575486000430717,0.15788874335970554,2024-02-19
144,281,23,0.01613954048952653,0.16261836860642448,2024-01-02
145,84,55,0.01625324325062493,0.16307794033422973,2024-02-06
146,526,68,0.01947303901463645,0.13360475532619276,2024-04-11
147,460,72,0.01762929771959524,0.10443305085348287,2024-01-05
148,862,84,0.013259919573794838,0.11662596044352667,2024-01-05
149,210,38,0.010795969744244072,0.10300799915835909,2024-02-09
150,682,69,0.028542035389708044,0.10151445728176384,2024-01-22
151,757,18,0.01038058500378769,0.14460967880572603,2024-03-01
152,4,26,0.022079359696651372,0.1044385014659831,2024-04-05
153,683,16,0.01999370167870922,0.12479930820633961,2024-03-20
154,435,82,0.02492799734463852,0.17391070195048403,2024-04-21
155,816,12,0.012571525420112115,0.1786897410309865,2024-03-12
156,456,41,0.02416560481919639,0.19274498929241418,2024-02-07
157,721,54,0.010999272908089497,0.1344310589915043,2024-02-14
158,606,75,0.01745035874840781,0.17576248499657227,2024-03-02
159,783,72,0.02135324468854134,0.11180297192371566,2024-03-27
160,260,60,0.01692432372675578,0.15900100842867457,2024-03-01
161,73,10,0.016935872124439533,0.12220151336410079,2024-01-07
162,58,86,0.01932333725300036,0.17698717313349374,2024-01-01
163,281,39,0.0133374985127768,0.18795939076733068,2024-04-27
164,127,10,0.01223823626039084,0.1411236123538634,2024-03-18
165,875,64,0.012568565178776147,0.15454395162832718,2024-04-22
166,492,46,0.015497641035143166,0.18345397377253037,2024-01-25
167,257,51,0.028501137251081936,0.109922992365909,2024-04-09
168,850,32,0.016424517814600435,0.14140641451959304,2024-02-10
169,153,96,0.010015417407356769,0.11671136337684444,2024-04-13
170,16,15,0.011688510822527157,0.1490525441391162,2024-01-18
171,16,3,0.01783231749004341,0.19558478293218484,2024-04-11
172,203,12,0.015841788925576646,0.1817449031752924,2024-04-07
173,150,6,0.019316110879140612,0.12295521651934974,2024-03-30
174,233,46,0.02383820655000103,0.11648035078755464,2024-01-22
175,481,26,0.018780348293885883,0.15012583722406958,2024-04-13
176,384,79,0.01717486423943127,0.11501698157125456,2024-03-23
177,101,63,0.02792182755504837,0.18711929334271488,2024-02-29
178,376,89,0.02250745634982434,0.1878945672888159,2024-01-09
179,290,43,0.013184656741004332,0.15241027566274534,2024-02-23
180,182,89,0.025195840588305436,0.1940121659221558,2024-04-15
181,345,6,0.01500434914722125,0.15153569496834626,2024-03-18
182,2,42,0.016935410350525357,0.10447482535808027,2024-02-10
183,823,90,0.015208484385748573,0.190935868090445,2024-03-01
184,471,10,0.01012661993716903,0.1639761750155143,2024-01-28
185,133,67,0.02759829579137818,0.11529422461785849,2024-01-19
186,142,58,0.018877291089129125,0.14317206231617768,2024-01-06
187,751,62,0.02871796709026979,0.17315492346017253,2024-01-15
188,765,87,0.014129287462640753,0.1037805145684362,2024-02-22
189,963,71,0.020211052050208345,0.18447047349877702,2024-01-18
190,199,75,0.017449805942043487,0.16194790086421956,2024-02-28
191,473,95,0.018634645370725983,0.14732589275861335,2024-02-04
192,957,93,0.0289614225185,0.10218441579306808,2024-04-22
193,349,28,0.02252089742076322,0.12582484634169214,2024-01-05
194,170,49,0.026904615230885692,0.11876177045583569,2024-01-05
195,404,9,0.027979021628790318,0.14835006889793484,2024-04-10
196,480,63,0.011122533967098013,0.1497482724431765,2024-01-24
197,998,49,0.017870895641657895,0.16521270784742398,2024-02-02
198,353,97,0.010727699696558776,0.18232752367739083,2024-01-05
199,924,41,0.01799023274107392,0.10583720291826461,2024-01-02
200,653,5,0.012492839917221176,0.15930540645247887,2024-04-11
201,405,24,0.025123253411784605,0.15949478242617326,2024-01-25
202,845,46,0.027201691588814927,0.13198067102444738,2024-03-10
203,770,50,0.014912099686965233,0.192102430530836,2024-03-15
204,339,40,0.016473876667229284,0.14257014513345012,2024-03-09
205,393,36,0.02635028006220308,0.17842987254999304,2024-04-25
206,630,84,0.019455601686237188,0.15252695239585196,2024-04-24
207,467,15,0.011488473193935856,0.10312320292821908,2024-03-10
208,898,86,0.015788253918783114,0.17609586163623656,2024-01-06
209,551,9,0.011460494262403247,0.18218206659778258,2024-01-08
210,607,99,0.02124254896620618,0.14894459403188887,2024-02-03
211,342,13,0.01800175922105169,0.12367448266646774,2024-01-28
212,244,67,0.012198897761761888,0.10127192117039516,2024-01-12
213,718,67,0.021685475719750838,0.10187172684810711,2024-03-02
214,515,100,0.01699252057357714,0.15423725641353936,2024-02-09
215,42,32,0.010912882066479864,0.16212506605151678,2024-01-24
216,549,100,0.024660045360211467,0.17197944040240137,2024-03-04
217,201,36,0.014153503316696764,0.19984116338189084,2024-02-06
218,734,86,0.019303085339903422,0.19474355126171983,2024-01-17
219,365,72,0.022974740148132285,0.1741718502673182,2024-04-24
220,153,16,0.01755835960436891,0.1649173395196173,2024-02-06
221,856,97,0.017206069686273917,0.17225904773466835,2024-04-20
222,598,63,0.023573101408925087,0.12073249166779468,2024-01-28
223,560,10,0.021802331273818046,0.12310560477077209,2024-03-03
224,199,35,0.023522820848382045,0.1805435279888401,2024-03-11
225,953,56,0.011583634452990765,0.16675925749775738,2024-04-23
226,306,74,0.01749611741949296,0.1487612767221843,2024-04-06
227,471,13,0.01585341004988599,0.12747950349161027,2024-01-16
228,456,40,0.025621372903918117,0.1671420945304203,2024-03-20
229,360,7,0.020654264217682863,0.14879533534747236,2024-03-23
230,445,88,0.02578354748583203,0.19204621516621215,2024-02-29
231,676,6,0.012615599901021998,0.14824994698182664,2024-04-19
232,981,8,0.023624340642818972,0.17438356583070427,2024-04-26
233,92,47,0.019438583919286552,0.1448495458233907,2024-01-15
234,951,92,0.02030236946483112,0.18142541629396922,2024-01-21
235,1,38,0.012602510365063376,0.16705417782089965,2024-02-29
236,641,24,0.010502513537095423,0.12650741712506128,2024-03-15
237,1000,11,0.026782676990182663,0.17087945005848548,2024-04-01
238,128,37,0.028202204629252575,0.1777845834582246,2024-04-28
239,994,98,0.013764423052295399,0.15894794757223837,2024-03-16
240,201,39,0.010430934364950387,0.15848756456709073,2024-01-24
241,138,98,0.021871059023513738,0.12423283111923433,2024-01-31
242,643,43,0.023155044565820085,0.173963495908235,2024-04-21
243,881,40,0.015206236926652992,0.10293793541472707,2024-04-10
244,533,94,0.01128281834305578,0.18965142344315536,2024-01-07
245,462,99,0.029804162070835354,0.12622435169566185,2024-03-22
246,61,66,0.021623208525661776,0.10051351352755111,2024-01-11
247,959,83,0.017538774042232502,0.11470567379576867,2024-03-11
248,727,80,0.029908236826286613,0.18196981030270915,2024-01-10
249,550,62,0.022644294053300346,0.11819404511166212,2024-04-25
250,685,72,0.027495359451265237,0.124531576584069,2024-04-10
251,553,66,0.022711256926110188,0.10773251837375131,2024-04-27
252,290,20,0.018633760016563174,0.16218134238420645,2024-01-13
253,284,17,0.01323867184329346,0.10868858657001808,2024-02-24
254,901,22,0.024632277080930416,0.1633392865160958,2024-04-26
255,38,25,0.020027749864815286,0.1124879305364062,2024-04-14
256,747,65,0.01661189073610826,0.13818199340017606,2024-03-09
257,866,23,0.017116446158301858,0.11365522283846835,2024-01-07
258,504,80,0.014800839895155578,0.16660226322820249,2024-03-20
259,327,49,0.01607283289747192,0.12060441944521699,2024-02-18
260,768,4,0.012064113268155065,0.18849964659127352,2024-02-14
261,296,12,0.020250379096800254,0.15432714973060052,2024-03-05
262,836,67,0.010526746586900533,0.17920982488453852,2024-01-20
263,727,5,0.015420017169273801,0.19956624530751257,2024-04-09
264,673,7,0.01615328811082602,0.13939275784786986,2024-03-02
265,534,34,0.01842222452538203,0.16100340411866948,2024-01-08
266,159,96,0.02537237083378465,0.1295981964587074,2024-04-26
267,681,43,0.018811979786830364,0.14504442560909955,2024-02-11
268,354,93,0.017935552039305455,0.14709045242913202,2024-02-25
269,106,76,0.021167001587225898,0.1105460251726074,2024-04-05
270,553,14,0.02866945193288907,0.103844641638915,2024-01-18
271,606,10,0.022844860155727315,0.1513231242785466,2024-02-01
272,612,29,0.019820501727590287,0.18288682517557675,2024-01-08
273,801,74,0.02361276430140976,0.19976411599024382,2024-03-12
274,880,41,0.012580582291830362,0.10829142000689118,2024-04-27
275,358,30,0.026914758967090058,0.1830608803848808,2024-01-02
276,135,55,0.020373987661063644,0.17805791781630234,2024-03-21
277,928,14,0.028664245620087687,0.13001573833042435,2024-03-24
278,601,33,0.012375798781749993,0.11065040618638868,2024-03-07
279,378,52,0.01688395631971491,0.12163519131353467,2024-03-30
280,642,40,0.02877861218640427,0.14514778432041425,2024-03-09
281,952,66,0.016521777925725956,0.11749078466457295,2024-03-09
282,207,86,0.018978018876953252,0.19864464551211714,2024-01-11
283,575,69,0.011597302666257005,0.15859740941717163,2024-02-25
284,144,92,0.010023852697248292,0.1796308203421232,2024-03-28
285,956,29,0.02159496413117197,0.13496633396998126,2024-01-05
286,960,21,0.02505527887694001,0.17402771842735398,2024-03-29
287,339,4,0.02167573647583499,0.15667718884470033,2024-01-06
288,738,65,0.01648089993448499,0.1764143882060259,2024-04-03
289,535,89,0.02124936594360657,0.19192903531118508,2024-03-18
290,922,7,0.028496183115084117,0.1693052024822605,2024-03-19
291,430,70,0.01999790207626681,0.1250078683603787,2024-02-25
292,320,88,0.029873945951057954,0.1612971766796582,2024-02-02
293,956,11,0.01512181192637138,0.124401417853225,2024-01-04
294,585,86,0.01399623075372916,0.1664560631124622,2024-02-05
295,825,51,0.024388912641345642,0.12626090788658317,2024-03-11
296,676,93,0.01034945460216363,0.10097372397052129,2024-04-26
297,832,54,0.017678944447003464,0.19538753251690458,2024-02-15
298,375,26,0.026482398081486974,0.1547707113489148,2024-01-15
299,906,31,0.016362974756300497,0.17917557974183132,2024-04-22
300,737,16,0.010039731554247621,0.12008747509282118,2024-04-16
301,691,7,0.016682411579299415,0.17892205277856038,2024-01-02
302,488,98,0.017560258920527275,0.17290396389815338,2024-03-15
303,734,94,0.02188299280894637,0.17456824348336025,2024-02-19
304,7,86,0.02437196769036479,0.1558793741473226,2024-03-22
305,349,73,0.029121742522892728,0.16916932990516603,2024-03-12
306,395,47,0.017378001762439258,0.1724291095345154,2024-02-03
307,569,85,0.023721365050303943,0.14048512183801387,2024-02-02
308,655,65,0.025372532283678625,0.10047233605545701,2024-01-08
309,442,76,0.022474840291237502,0.11867313970125008,2024-04-26
310,538,12,0.01526174373394705,0.12624481426735867,2024-01-29
311,825,16,0.020635324636248772,0.18574247329693142,2024-02-24
312,627,30,0.011685363942351637,0.11513737489548058,2024-01-11
313,578,41,0.011817033895969515,0.11988292191433374,2024-04-07
314,99,59,0.022032097682753896,0.1919261933915633,2024-02-15
315,979,42,0.013428091451116324,0.17266368813764627,2024-03-23
316,488,87,0.018888236410703845,0.1938472151251891,2024-01-24
317,679,14,0.025713895986556858,0.1298376829211763,2024-01-25
318,195,44,0.028339273381454255,0.13466978397592352,2024-04-20
319,894,44,0.010176054173056306,0.16992662733280828,2024-04-06
320,462,27,0.02301275256546089,0.15748551386151213,2024-02-01
321,847,28,0.022016429096319064,0.11081019463513904,2024-01-03
322,586,27,0.011286026838373174,0.17387269800625554,2024-01-14
323,447,81,0.02225578066072187,0.14297732124108875,2024-01-09
324,442,99,0.01517465350335655,0.128873432613083,2024-01-14
325,893,42,0.018875161491780586,0.11935885354707151,2024-03-31
326,716,9,0.02298773393865815,0.16798863429826286,2024-01-26
327,54,67,0.02913948643465547,0.1605600249845572,2024-03-20
328,607,98,0.01907780827578421,0.10476255342232921,2024-01-22
329,979,61,0.027688784494865143,0.1627892163394395,2024-01-28
330,818,7,0.021444163034781985,0.1489544195953008,2024-01-12
331,228,55,0.029558617967628042,0.10634564895801747,2024-03-21
332,753,94,0.017837367190830445,0.10895678090419345,2024-04-20
333,709,50,0.015663826456449485,0.10307459327595997,2024-01-10
334,888,9,0.014016411866862517,0.17550886485270875,2024-02-04
335,702,80,0.010107042651465227,0.17139554567969184,2024-04-27
336,375,37,0.010383729337194742,0.1980512418883161,2024-01-30
337,408,13,0.021258755176352145,0.1098089939596204,2024-04-07
338,632,9,0.017920681923073473,0.1638009937413576,2024-01-15
339,341,79,0.02426975877960403,0.15246456088418048,2024-04-03
340,549,66,0.015348044499366215,0.10162939181139673,2024-02-23
341,736,13,0.014335590862987083,0.1601194425253528,2024-03-27
342,628,6,0.026396071310806325,0.10258113883676101,2024-03-06
343,989,59,0.021721229681416883,0.1775912583293603,2024-02-19
344,657,58,0.02476950886354898,0.1082452201913276,2024-02-19
345,734,19,0.024790860952343792,0.17194352358452564,2024-04-03
346,696,46,0.023582175002507123,0.16986181829778116,2024-04-10
347,868,57,0.017959261855337423,0.15786840400670143,2024-03-24
348,364,84,0.019466850957145197,0.1639642966925221,2024-02-26
349,600,43,0.015828928160899522,0.15898596463739878,2024-01-23
350,686,91,0.026809977991506688,0.17891115855921802,2024-04-28
351,571,80,0.01195549293291838,0.11039900196155336,2024-01-27
352,143,1,0.02440317406362591,0.11321825986186988,2024-01-01
353,576,28,0.017090257316908417,0.11596665051382865,2024-04-26
354,620,73,0.024363445328188613,0.11845745768081495,2024-03-26
355,442,59,0.018961840357986197,0.1900179399703862,2024-01-10
356,707,79,0.023113655466699308,0.16585634896618318,2024-01-18
357,354,72,0.019849030275003808,0.14430996155265297,2024-02-15
358,417,38,0.012113553744489906,0.1141232999777377,2024-04-07
359,331,7,0.019268933107498012,0.14755130004533892,2024-01-21
360,850,19,0.026312013953897102,0.10684607198295075,2024-02-07
361,930,81,0.010592314867053,0.17732070181973456,2024-02-08
362,308,57,0.014429382410496747,0.1572491653241213,2024-02-02
363,888,25,0.022430120019185436,0.16078633677702345,2024-01-02
364,951,37,0.015819052761777024,0.13066172158034575,2024-02-05
365,853,52,0.024412550573480532,0.15051288718869776,2024-01-13
366,384,73,0.010793144297702735,0.15222895343863563,2024-03-01
367,716,56,0.026346867479760068,0.11808535603772263,2024-04-13
368,144,79,0.018775149565647888,0.17390796978041695,2024-03-15
369,881,22,0.012964141242214951,0.145386255306117,2024-01-03
370,538,22,0.010449511449267163,0.17318122736792493,2024-02-20
371,115,31,0.013448880665400672,0.13806317124900638,2024-02-08
372,31,74,0.015321816046565576,0.17613957723984555,2024-04-17
373,186,16,0.02435394772924784,0.12732033217334213,2024-01-09
374,270,26,0.02988450437975996,0.10911132545941779,2024-04-13
375,325,37,0.020305469055003987,0.14147851573589132,2024-01-07
376,342,41,0.015881644503112583,0.10357020705366171,2024-01-02
377,799,81,0.01611140015117187,0.13879361219660818,2024-01-25
378,702,82,0.013134454114761435,0.10930477537987329,2024-01-05
379,998,88,0.028538261628503966,0.11555935061745892,2024-02-16
380,78,57,0.014820000565173876,0.138939005466515,2024-03-23
381,399,1,0.026973543215823632,0.16096780317663034,2024-01-03
382,982,37,0.013905944137130446,0.15500961254556742,2024-04-02
383,581,63,0.029045547434153968,0.18274588928154006,2024-04-18
384,714,80,0.016181144263772717,0.12495420575636743,2024-01-02
385,197,72,0.019496264110423565,0.17084493202039708,2024-02-21
386,454,60,0.02830796153414592,0.17550166335526293,2024-04-01
387,5,82,0.014297148220031428,0.14261151916769507,2024-01-31
388,829,29,0.028324555891633144,0.10729618672029041,2024-04-08
389,743,19,0.025628603406484575,0.15842339215439508,2024-03-14
390,808,98,0.026088399242247026,0.11189993115410019,2024-04-23
391,983,18,0.02110913683800691,0.13589274145501173,2024-01-13
392,92,83,0.02086746012365827,0.17224073606766582,2024-01-09
393,344,92,0.025570858042214775,0.15360372048834836,2024-03-20
394,320,61,0.023019456347300987,0.14677789849018788,2024-01-18
395,249,85,0.028042430415245657,0.18733432298317734,2024-01-02
396,556,22,0.012332150357232724,0.145036962211671,2024-03-04
397,601,30,0.012775436700256118,0.169680009944494,2024-01-05
398,804,24,0.014089477304863604,0.1568388769095229,2024-02-01
399,849,18,0.028241451682898405,0.138509528932543,2024-01-17
400,479,24,0.020391343848599187,0.1615911165555084,2024-04-02
401,767,79,0.021619643442977662,0.13429757974839826,2024-02-28
402,299,87,0.012799201439342999,0.16238620276340776,2024-01-31
403,456,10,0.010487698409858342,0.14166334022267302,2024-02-15
404,243,92,0.029311138100023552,0.1542755842069491,2024-03-30
405,599,61,0.01036643982203214,0.15699509971277867,2024-04-28
406,800,26,0.024996597429318153,0.17430426588182696,2024-03-15
407,507,18,0.02675200796667692,0.18952239446781402,2024-04-17
408,241,43,0.014887610064913312,0.16942236541149697,2024-03-18
409,623,80,0.01514068536157204,0.12021755539864255,2024-04-20
410,889,74,0.0169574668160807,0.1575383607194407,2024-02-24
411,290,64,0.018430555026915346,0.1479054818892221,2024-01-21
412,636,64,0.012433579136469142,0.14861199435214564,2024-02-03
413,274,43,0.029019028625511756,0.1580442095576635,2024-01-02
414,156,44,0.029110936502082102,0.10506565387862293,2024-03-27
415,928,82,0.012074021273172014,0.146625248889096,2024-01-24
416,976,42,0.018951271061287817,0.16133005240117662,2024-03-05
417,408,99,0.027127496591122076,0.1075775638780268,2024-01-15
418,473,6,0.013084703921776313,0.19186432380169766,2024-04-07
419,893,65,0.02750565452280708,0.1156872716172907,2024-02-13
420,720,17,0.020812218171018228,0.19880119730767704,2024-01-12
421,542,76,0.01436880461996166,0.1584338486026735,2024-04-23
422,460,17,0.017916158023609532,0.11803281084772102,2024-04-12
423,995,53,0.015278532444724956,0.19233712761273788,2024-03-15
424,766,21,0.027605615712315366,0.1105164602151098,2024-01-07
425,634,28,0.013892242463550853,0.19543973799764713,2024-02-15
426,882,100,0.020760409920332047,0.17906159721511083,2024-01-14
427,137,52,0.023014140371749953,0.15521994272311904,2024-01-01
428,319,81,0.01801622935489046,0.18436644395206148,2024-01-06
429,193,83,0.02488285670358141,0.15774889534645478,2024-04-23
430,496,4,0.01342378353674414,0.1736041966118026,2024-01-06
431,763,92,0.017248172404458473,0.19460262077353552,2024-01-14
432,65,30,0.020525308773479432,0.1802840007735844,2024-01-30
433,746,87,0.01136838070061441,0.10284433477355935,2024-04-16
434,252,67,0.025697018138188976,0.1166604279411241,2024-01-06
435,927,80,0.02214639949457569,0.18818855091302328,2024-02-21
436,971,69,0.025406720202881806,0.12178103771480141,2024-03-06
437,147,82,0.0163286214675235,0.1251854571771916,2024-04-28
438,466,47,0.02998566413230499,0.18982498354679447,2024-04-24
439,451,99,0.01965684297943398,0.11312354314688411,2024-02-25
440,260,62,0.01364306163976792,0.13176569660602216,2024-03-28
441,439,73,0.0277800670972103,0.10622987623527179,2024-04-01
442,2,3,0.02511079923243898,0.15960459621698295,2024-01-16
443,532,18,0.023744543151009583,0.13696122186348153,2024-04-04
444,517,1,0.019325813491107097,0.15129852363191884,2024-02-08
445,1,92,0.012087045149506332,0.17812882534062607,2024-01-08
446,290,84,0.01902846268974459,0.16214939994205352,2024-04-22
447,330,13,0.027027415923336684,0.11083688327475891,2024-03-20
448,933,49,0.026189533746503554,0.10827244516880809,2024-03-17
449,394,41,0.01029155145319561,0.12765140430660013,2024-03-07
450,978,39,0.02864464689000361,0.19359551203321212,2024-02-21
451,41,8,0.01799825733814095,0.1779391595263557,2024-03-03
452,872,98,0.017375467138103964,0.1937385847548675,2024-04-26
453,224,91,0.028842052341859735,0.13404897277023511,2024-04-08
454,422,93,0.0276702376762512,0.1343502399923857,2024-02-07
455,565,39,0.017638224028508787,0.17802074949067062,2024-01-12
456,253,12,0.02893958890478534,0.11218222556600933,2024-01-22
457,437,1,0.012058299940673825,0.18853740342010822,2024-01-17
458,613,76,0.012410101653519292,0.17966516731831478,2024-01-07
459,291,27,0.016703993140652573,0.17706409657269048,2024-02-14
460,72,58,0.015505859071205757,0.11730707201258722,2024-01-05
461,965,79,0.010476947752228637,0.10572687139779756,2024-03-12
462,746,39,0.0184131189783952,0.17863645318862464,2024-04-18
463,632,1,0.02031178677767783,0.13585787543282335,2024-04-21
464,266,17,0.02173676244329944,0.16473076661174058,2024-04-08
465,995,51,0.010116394488064555,0.12360722507075958,2024-03-22
466,924,46,0.029857619413294074,0.1724896869783663,2024-03-09
467,457,23,0.021814179366759525,0.13626719441875637,2024-03-22
468,424,93,0.02751080575959953,0.1008227852023651,2024-01-03
469,26,24,0.010766582779296475,0.1972715896902538,2024-01-02
470,630,69,0.017734949295416236,0.117544247031231,2024-04-13
471,317,88,0.018779362478687778,0.1925659411160144,2024-01-06
472,338,43,0.01860056911568875,0.10195870330458827,2024-01-16
473,749,13,0.026722857623186033,0.15454298869615482,2024-02-10
474,518,49,0.013697654010929698,0.16671435317511635,2024-01-29
475,224,99,0.028131901126249657,0.1372700424642533,2024-02-25
476,813,31,0.014692724869952236,0.17824341689963574,2024-01-28
477,18,8,0.02460266236942619,0.11427428464080103,2024-02-09
478,864,14,0.026515505451289098,0.12146709494950303,2024-02-29
479,314,33,0.014133202006744908,0.1675609464997059,2024-02-25
480,483,99,0.018834312624970314,0.10088303659598563,2024-02-20
481,666,64,0.017258014265596994,0.10475683734156094,2024-04-03
482,185,85,0.022252974917437232,0.16857512264012361,2024-04-19
483,696,22,0.023940019716827195,0.19219191386971213,2024-01-28
484,231,6,0.022795369932758602,0.10465229755825711,2024-04-05
485,413,68,0.023742033433685923,0.16903910951626205,2024-01-27
486,57,50,0.018081497964426506,0.1440314590763236,2024-03-20
487,903,7,0.0263268161300969,0.17069930189438998,2024-03-24
488,709,90,0.01649642983869278,0.10489642578810748,2024-01-08
489,251,61,0.022282696653251326,0.1712893225757054,2024-01-27
490,198,19,0.018469115736931614,0.13282218835234116,2024-02-24
491,123,26,0.014096056446533441,0.12537211594064954,2024-01-04
492,774,6,0.024694542413262997,0.17152843259457495,2024-01-05
493,39,53,0.028478952891665632,0.12917497470577838,2024-04-01
494,143,98,0.016439218214600242,0.12371633473100638,2024-02-01
495,922,65,0.01480006281837714,0.12184591900687464,2024-04-07
496,346,82,0.013630332857427678,0.16958993659841132,2024-03-11
497,215,27,0.016723485969502468,0.16516123559210993,2024-02-24
498,819,92,0.01537815248697946,0.18512348293538655,2024-02-07
499,226,49,0.010199506092382729,0.10156956041218616,2024-02-28
500,732,46,0.028621163146781967,0.1501352146675349,2024-03-14
501,645,6,0.017326618181831573,0.10522562763825777,2024-03-14
502,353,1,0.02396110240070774,0.11581900925842464,2024-04-03
503,417,27,0.01985892303470539,0.14560726541700703,2024-02-02
504,626,36,0.01712508412404469,0.13117234025596855,2024-02-24
505,826,67,0.02390649879243398,0.12852555776691638,2024-03-12
506,14,52,0.011832516943318766,0.16088768139995496,2024-02-04
507,158,68,0.02099829143337067,0.18240608983772943,2024-04-16
508,823,64,0.022869094184634585,0.11500701500414152,2024-02-14
509,757,11,0.023697108452983475,0.12797022634633187,2024-04-19
510,97,62,0.02932052786567825,0.16920097690868252,2024-04-23
511,355,73,0.028301826952970073,0.1528861184735968,2024-03-09
512,424,97,0.02616015212945677,0.14848132147834514,2024-01-20
513,35,15,0.010516042207208729,0.10984314516963233,2024-04-20
514,848,49,0.013046583006291908,0.19861003581535183,2024-02-09
515,210,34,0.028108793848928365,0.1885713497779964,2024-02-16
516,642,9,0.016012223683937742,0.11126012567531371,2024-01-26
517,883,81,0.024381621620584437,0.1733093981324326,2024-02-16
518,349,56,0.014344373597669432,0.14903647322192276,2024-03-11
519,422,54,0.02130887337140168,0.11937639301970049,2024-02-14
520,161,31,0.026061664125228416,0.1935989337448184,2024-03-28
521,592,55,0.015581418770179184,0.1474405855602881,2024-02-12
522,322,20,0.02029380096415557,0.19836535938546487,2024-01-30
523,350,31,0.011314814392443777,0.1559507310334921,2024-01-07
524,173,36,0.02664746591268003,0.199975105152033,2024-04-20
525,459,65,0.025755481732582235,0.1311267650580853,2024-01-21
526,98,92,0.02222173886676066,0.15366116178516576,2024-04-19
527,320,80,0.029484684121066515,0.19405876597749241,2024-02-22
528,578,19,0.01691683601487246,0.16826153560168006,2024-01-28
529,77,34,0.013944813283325433,0.19177780435194394,2024-04-03
530,208,4,0.02923794442834328,0.14265775055369567,2024-02-23
531,849,44,0.029801228393507177,0.18855016382617962,2024-02-07
532,479,29,0.014207283231916862,0.12263289201531624,2024-04-02
533,863,9,0.02076009631132407,0.18954573952232406,2024-04-12
534,871,33,0.019994102723407497,0.11507925899780604,2024-01-30
535,451,64,0.020006893970361976,0.18926607742309537,2024-02-04
536,983,94,0.01570804454974824,0.16555786597260458,2024-04-19
537,867,70,0.02830248293483134,0.16243484135084602,2024-02-28
538,154,9,0.023406506782339423,0.17360025634806336,2024-01-20
539,177,79,0.027536328524978088,0.1647395959804494,2024-02-22
540,191,86,0.024346081719967244,0.12909551254466614,2024-01-16
541,366,34,0.010563796391713447,0.17260533692778904,2024-01-01
542,428,18,0.021741325648826002,0.12588003727799588,2024-01-02
543,608,83,0.026719558680097212,0.1591918872504272,2024-01-22
544,448,68,0.021993423162438817,0.14827579937069885,2024-04-16
545,82,48,0.023978959237520848,0.18388134753822719,2024-02-11
546,669,63,0.01062862850739636,0.17743006425388885,2024-02-13
547,291,4,0.028407252693373602,0.1399819812057944,2024-03-23
548,752,33,0.024486770373642153,0.10262411066798201,2024-03-29
549,674,48,0.013512968153084743,0.19548412341148516,2024-03-30
550,499,92,0.011471332722424225,0.1224337387108103,2024-04-04
551,415,62,0.019766373661812435,0.10799871773308053,2024-03-01
552,144,89,0.01255180648199849,0.15115570497063846,2024-03-31
553,294,93,0.018794663790913886,0.12103238747179734,2024-02-09
554,103,53,0.01867188159012753,0.11360480716148745,2024-03-31
555,960,94,0.023517904186705785,0.1065561218422076,2024-01-08
556,511,95,0.022735359867690482,0.16603534816158444,2024-03-27
557,244,58,0.019530828277210765,0.1615933092640578,2024-04-09
558,188,12,0.015458635274038561,0.15118516470105373,2024-03-22
559,269,78,0.023765363190810247,0.1741050337800391,2024-04-22
560,845,66,0.028319551849418027,0.13459829888422037,2024-03-19
561,584,73,0.02617642689966579,0.15871231082572,2024-02-17
562,520,96,0.019708098004354774,0.19411672527347484,2024-01-09
563,681,16,0.01562737084424548,0.10832368311806845,2024-02-27
564,570,22,0.01599121005693689,0.14722473906826433,2024-03-07
565,209,87,0.028704646669398662,0.13607356401521728,2024-03-14
566,445,11,0.012134485095582117,0.103486753567695,2024-02-09
567,763,80,0.022627250996674404,0.102592187750258,2024-04-05
568,858,56,0.019086152785794425,0.1803433366692624,2024-02-01
569,427,24,0.027542558121934103,0.1769298520139976,2024-02-09
570,179,57,0.021350043804192764,0.12680682462525303,2024-01-26
571,826,99,0.017116410199821384,0.14195861923924186,2024-04-05
572,678,58,0.012490985657584597,0.10793867024148024,2024-02-05
573,478,55,0.01835630391830976,0.1111730143782518,2024-01-18
574,465,78,0.011929672145266015,0.18991401840993788,2024-04-04
575,916,38,0.025163545324315258,0.1134878774630548,2024-03-17
576,778,21,0.010708383379391059,0.10329163862613491,2024-01-03
577,288,56,0.029204391961450145,0.1618647568013309,2024-03-26
578,661,43,0.025090577914393522,0.10025872416252779,2024-03-11
579,291,90,0.013430717007913418,0.11390039467784824,2024-02-27
580,758,67,0.012478691933562193,0.10912253866930258,2024-04-04
581,838,15,0.011632442386400236,0.10294658269772711,2024-03-08
582,776,84,0.01611043096581806,0.11101340900163523,2024-03-03
583,827,10,0.015560381731258434,0.11763906287218778,2024-02-25
584,719,21,0.02518374856346233,0.11178113517130878,2024-04-09
585,973,65,0.029592861964103538,0.1325371089544154,2024-04-08
586,146,41,0.01021084705309601,0.12625386551889967,2024-03-13
587,738,7,0.022293564268502902,0.17178119381577764,2024-04-03
588,582,37,0.019619290633589463,0.17416152142775662,2024-03-13
589,146,2,0.019480643175395433,0.13145699449984224,2024-01-24
590,348,86,0.022116953939337138,0.18154065189166851,2024-04-08
591,451,67,0.021474809634285774,0.13913540991449133,2024-02-27
592,932,67,0.01935520608937233,0.1115157270361498,2024-03-31
593,638,22,0.01229035433838556,0.16945313767259235,2024-03-15
594,328,71,0.02649102299485412,0.10457348141860037,2024-03-19
595,623,86,0.010037100629972541,0.18782455011567112,2024-04-24
596,973,18,0.01951156187712546,0.14584573256276326,2024-03-27
597,42,6,0.02705407557432382,0.14328354849381889,2024-04-26
598,770,77,0.013955200554450046,0.14688203757045362,2024-02-24
599,474,60,0.020353820409148057,0.13804928308409448,2024-03-17
600,148,75,0.012980555196738502,0.17685101337827008,2024-04-10
601,608,68,0.025276655900760905,0.14548273992169736,2024-01-15
602,197,89,0.014029121514707102,0.14700456756143468,2024-04-14
603,70,2,0.015019525871467902,0.14535998563847383,2024-02-19
604,351,84,0.02826977144542752,0.15235042806419138,2024-03-22
605,503,7,0.021672603377583123,0.126726504897216,2024-02-10
606,589,69,0.014418539905620704,0.11551969125581092,2024-04-18
607,469,29,0.028605699479895837,0.14531717825472962,2024-04-14
608,599,42,0.018103900931008315,0.14000915298811556,2024-01-17
609,139,19,0.01137661464119098,0.17517874703386918,2024-02-05
610,906,5,0.02270464145847969,0.10255496754328423,2024-04-15
611,935,76,0.02036293097806429,0.1590070908259754,2024-02-06
612,149,53,0.013275205718746654,0.17787217869240732,2024-04-19
613,849,60,0.02450968234845856,0.11155575774652274,2024-02-22
614,445,97,0.021645165465970298,0.17404150212721337,2024-01-25
615,198,38,0.01954946428489405,0.1994242314489983,2024-02-14
616,28,31,0.011043491703649258,0.14782966673543624,2024-04-15
617,546,7,0.018429175441945264,0.15053306349491646,2024-03-11
618,285,41,0.02352150379807831,0.10808230126626937,2024-04-07
619,558,87,0.015140909018521168,0.16286698435178099,2024-02-24
620,644,48,0.013357667419405549,0.13816890473963395,2024-01-10
621,126,61,0.01864952306028793,0.13805254220416935,2024-03-10
622,656,17,0.02588311922902365,0.19008018117529912,2024-02-15
623,308,84,0.026289182545497322,0.11825834894748383,2024-04-03
624,952,77,0.029548367391790162,0.14891140899366745,2024-01-13
625,827,86,0.019111564355442742,0.10836521973438938,2024-02-16
626,959,76,0.01782632841114299,0.15835630779335988,2024-01-11
627,99,86,0.017404870203738796,0.1763801926658359,2024-04-07
628,634,22,0.018828089501673202,0.15136004055384017,2024-02-20
629,279,2,0.019232922442430335,0.14512186998481383,2024-03-08
630,705,71,0.02502792555552525,0.18386261229099754,2024-02-22
631,201,62,0.021722711870195532,0.1796694542839904,2024-01-31
632,978,52,0.013289216197429505,0.19338157815620557,2024-04-08
633,329,49,0.011799959518703891,0.18895038469508832,2024-04-03
634,588,61,0.023884261812538166,0.13544428555105634,2024-03-21
635,645,9,0.018207560685898738,0.14409699505337595,2024-01-29
636,269,91,0.01410703708057346,0.18722611744104017,2024-03-14
637,723,96,0.029742214689799457,0.13817694294052293,2024-04-01
638,505,90,0.01771270461477778,0.1783258034599098,2024-02-01
639,774,83,0.02648066960510701,0.19839938366051116,2024-04-15
640,118,51,0.013360361120235937,0.17931327679101897,2024-03-27
641,752,53,0.017816251454902517,0.13082583672005305,2024-02-01
642,766,32,0.019505033225386624,0.16086473636481247,2024-01-13
643,953,10,0.01976066118927084,0.10220293396741187,2024-01-08
644,921,44,0.021731954994996465,0.124953610979337,2024-04-03
645,371,19,0.012675072806412387,0.12330394908581638,2024-03-11
646,180,35,0.029643649274408414,0.15204524425270305,2024-04-06
647,878,56,0.02373440891874396,0.14327971130303255,2024-03-13
648,626,6,0.014184836860781268,0.13313159404069186,2024-03-26
649,677,14,0.029628990712096327,0.19848037000346372,2024-04-08
650,125,97,0.027355163893189323,0.11951266782849336,2024-02-21
651,655,92,0.01860549773939532,0.14980778349252244,2024-04-09
652,986,67,0.025530395373233622,0.12378489173729174,2024-03-02
653,506,34,0.022509283024839673,0.1892565670581829,2024-02-04
654,927,25,0.029964188451915466,0.10619950781154609,2024-03-27
655,195,69,0.019727462250396472,0.12794290897704727,2024-01-29
656,671,17,0.013380214999956262,0.14161526499123425,2024-02-14
657,162,82,0.024413983634381783,0.12149649608177744,2024-01-30
658,742,26,0.029669452196729847,0.1117076828232462,2024-02-21
659,769,91,0.014071232580705346,0.11104980747396036,2024-03-20
660,262,24,0.011909601687588159,0.14248572994050113,2024-01-05
661,306,74,0.017998905821205814,0.11371040197336126,2024-03-22
662,73,34,0.019409107038829303,0.1985698441410315,2024-01-15
663,4,21,0.017510397438091956,0.1261964680486959,2024-03-13
664,557,80,0.021434017806573086,0.13652075183391948,2024-01-17
665,783,48,0.010072451229159226,0.15127771805201234,2024-02-29
666,401,42,0.020138014179844385,0.1755982716446562,2024-04-23
667,306,28,0.02534616075853744,0.1456395827273756,2024-03-11
668,320,27,0.021834312733828944,0.11942792975806138,2024-02-29
669,289,4,0.014025738153901374,0.1329064679486318,2024-01-30
670,845,79,0.0228321616365705,0.13947379539958535,2024-02-01
671,376,93,0.028451941257021628,0.11111524142446483,2024-03-10
672,544,28,0.026717457005886104,0.11743407598299681,2024-02-12
673,290,36,0.019969695146417027,0.17181677157289876,2024-02-16
674,505,18,0.022386845869127925,0.12890629336622525,2024-02-06
675,624,58,0.01876814504994216,0.11665708460907699,2024-03-20
676,538,58,0.023915173071879993,0.18697130415673457,2024-02-01
677,953,63,0.024965508737141227,0.12870005032979173,2024-02-20
678,864,68,0.018246248537000513,0.1832727539814733,2024-04-07
679,799,86,0.01351513504202215,0.14283711028937116,2024-02-10
680,260,74,0.01767136218858166,0.1174289006346781,2024-01-19
681,914,70,0.026528359895396446,0.11643213516098531,2024-04-17
682,592,14,0.011235540230077857,0.17014508108343346,2024-02-16
683,524,13,0.011954000154369024,0.16689771829429817,2024-01-03
684,782,47,0.020154265806763945,0.19854460217370004,2024-02-22
685,765,57,0.0236366841883334,0.1582207960067252,2024-02-18
686,47,17,0.023184057853965108,0.12975331364135792,2024-03-29
687,25,60,0.018502590500583664,0.13963659716469493,2024-01-18
688,300,66,0.021291470376221998,0.14760404177623812,2024-04-26
689,698,41,0.020116611930601797,0.15551161187644932,2024-02-16
690,232,88,0.026753818817822857,0.10662759764620745,2024-04-09
691,855,83,0.011447140877339636,0.13409661803394152,2024-02-15
692,326,53,0.028679280551003834,0.11679396131507111,2024-01-17
693,608,41,0.021472561607154408,0.12813761931270234,2024-01-04
694,944,78,0.02598658251400965,0.18427691416931283,2024-01-31
695,339,60,0.021935845123060786,0.10408434693617498,2024-03-04
696,742,83,0.010745774704773088,0.11800681839279677,2024-01-16
697,265,81,0.026874921233669073,0.1752862499006128,2024-02-25
698,344,99,0.01810769224672804,0.11316732691356148,2024-04-13
699,381,37,0.02082166053141135,0.12653128110807887,2024-01-27
700,572,88,0.017233154775521068,0.15984527532175224,2024-03-06
701,485,46,0.02148782210472203,0.12425835076916064,2024-04-06
702,335,68,0.0200061622923413,0.1337242775701487,2024-04-22
703,317,82,0.01616287407944311,0.19801055578173404,2024-01-23
704,576,34,0.015583043823641122,0.16287889878118894,2024-01-12
705,828,32,0.016703655364528367,0.1554272269829059,2024-04-28
706,922,1,0.01693607100381624,0.16642848872039434,2024-02-23
707,965,85,0.02439841874870405,0.15450940658477214,2024-03-22
708,509,74,0.02882956130966411,0.13859612762441273,2024-04-04
709,967,8,0.0245630067300412,0.19940626117228263,2024-04-18
710,114,48,0.01665830229888525,0.11084952304046984,2024-04-17
711,251,45,0.02670922091444139,0.14764750781236158,2024-04-17
712,107,82,0.023993367183888614,0.1466451470496886,2024-01-07
713,7,1,0.029921980808963557,0.11371101019663808,2024-02-01
714,374,59,0.019466730218986657,0.15234870340622855,2024-04-05
715,54,60,0.014779485193243215,0.19793894734589798,2024-03-22
716,866,70,0.012805240856875844,0.1764906274980585,2024-01-27
717,887,35,0.012038746335174159,0.10936336086874282,2024-04-26
718,848,82,0.02570413237957652,0.1271445835720902,2024-01-19
719,943,75,0.02301450813758478,0.14658227287471146,2024-01-25
720,719,8,0.015572164110621544,0.13035188733591924,2024-03-01
721,662,50,0.021415422754307585,0.18315961278400417,2024-04-06
722,412,54,0.027413918614523858,0.12505630181996585,2024-03-22
723,291,31,0.027159806492227108,0.17826918720012075,2024-03-29
724,914,94,0.01881338347239278,0.1654873779608983,2024-02-23
725,738,11,0.016790390557070108,0.14704586149722856,2024-04-01
726,493,15,0.01533044665241704,0.1312174221796385,2024-02-20
727,833,34,0.018962946414158507,0.12044179371029862,2024-03-27
728,146,69,0.012591435355638381,0.1393108140911894,2024-01-11
729,245,16,0.01940246007754319,0.1462655893827361,2024-02-26
730,872,6,0.027485340050831503,0.18363692121990155,2024-01-27
731,967,52,0.011678106896425284,0.13123121059401835,2024-02-08
732,528,63,0.013105034884409094,0.1216692430093727,2024-04-04
733,36,87,0.019864464962186124,0.19754348727537563,2024-02-20
734,626,30,0.02566815452846586,0.19074033147052466,2024-04-14
735,375,94,0.016183676540686396,0.16752093430357518,2024-01-02
736,109,69,0.01319402305560532,0.16398876855861122,2024-04-04
737,34,16,0.01810148489286626,0.1376742136801762,2024-03-31
738,925,85,0.02452059773083396,0.15609141579825161,2024-03-29
739,579,64,0.01832249465841396,0.17671840911088776,2024-03-30
740,963,10,0.017387262606347365,0.12367586139350042,2024-04-09
741,215,2,0.02597526392667074,0.18227133233550458,2024-01-30
742,116,10,0.02453929618908208,0.15580969342649334,2024-01-15
743,267,7,0.0173610752876645,0.12292582667468827,2024-03-09
744,986,44,0.021609995950443085,0.17409471489774364,2024-03-06
745,921,23,0.021938883300232193,0.1260989046892661,2024-03-08
746,664,91,0.010975959226089809,0.16870815362762398,2024-03-22
747,727,57,0.024108134699180703,0.13199930804287496,2024-04-23
748,10,49,0.027849069469317297,0.16664855913728105,2024-01-19
749,455,36,0.029737057474453404,0.14661658916439443,2024-01-21
750,264,30,0.019389424953812816,0.13577621852977328,2024-01-04
751,409,95,0.02381970257343924,0.18558799861535624,2024-03-03
752,855,66,0.015748847899939383,0.11585131025326856,2024-03-23
753,374,48,0.016575347335849883,0.1626427252520689,2024-01-15
754,922,13,0.010898470897547736,0.13857408672460242,2024-01-22
755,50,7,0.010880832360775557,0.13538255925893927,2024-03-18
756,26,78,0.024485955801162813,0.11485644013993501,2024-02-17
757,168,88,0.020794541831307908,0.16607554448224265,2024-03-15
758,502,60,0.02196910876153045,0.19748991298551888,2024-02-19
759,843,23,0.015228372164056935,0.175369209409235,2024-04-11
760,256,41,0.020245407442837336,0.14187356034750687,2024-02-20
761,299,46,0.016813796570957634,0.1271988651514393,2024-04-28
762,337,92,0.01559178496789913,0.1659394849192504,2024-02-02
763,846,75,0.026338206645898025,0.18306363487975108,2024-04-09
764,654,5,0.025667067392222978,0.13363238166423377,2024-03-07
765,576,92,0.02509596075175872,0.1489804542949929,2024-03-09
766,17,96,0.021221129973412547,0.13952670026939043,2024-02-20
767,927,13,0.026052601958596808,0.18392791898902072,2024-02-18
768,310,42,0.01615313423433662,0.1688729139634919,2024-02-29
769,186,14,0.016186017750576306,0.19590118339695095,2024-04-28
770,460,5,0.01690472341938087,0.18724819565584877,2024-04-05
771,461,11,0.01822195724973926,0.11569125686423806,2024-04-12
772,370,82,0.02771861500367867,0.13173307261393055,2024-02-14
773,753,86,0.0137073734058709,0.18517369057822544,2024-04-19
774,217,9,0.017262669486500654,0.19415354091167644,2024-02-07
775,424,91,0.029844390891929397,0.15061287449208188,2024-03-03
776,656,42,0.029563510234844124,0.11880811509834703,2024-03-06
777,103,70,0.02215497022044257,0.1731350876167767,2024-01-24
778,806,93,0.021129172625878302,0.1438775624472019,2024-04-10
779,864,78,0.02367256727877802,0.12032938911202659,2024-01-23
780,937,28,0.020752471905833243,0.11123222207106259,2024-03-07
781,353,80,0.023206913713122983,0.18698196579614235,2024-04-13
782,78,37,0.02249065473192996,0.19454916185471471,2024-04-28
783,234,50,0.02571968414251817,0.17001618129879192,2024-04-23
784,747,46,0.010577012510600947,0.10029651336672474,2024-04-23
785,696,98,0.014999747847579768,0.11436861030751994,2024-03-15
786,29,93,0.016425834763788966,0.1412805523045413,2024-03-14
787,521,12,0.022522842213295126,0.17900560435608082,2024-01-08
788,835,8,0.018119860175174345,0.18065468074267912,2024-01-17
789,525,94,0.016854175902024177,0.14411922455301832,2024-03-13
790,479,43,0.015062611850771259,0.1523928924145651,2024-02-11
791,231,34,0.024437834232166188,0.15894827509180046,2024-01-31
792,774,25,0.015997362585282875,0.10667120090674098,2024-02-05
793,321,99,0.013708009325176846,0.11238521645996136,2024-02-27
794,516,96,0.02658695206932734,0.1296944761520989,2024-03-18
795,299,5,0.011651769761921721,0.1885174975664537,2024-01-20
796,148,73,0.025621681312554656,0.1584226464515916,2024-04-23
797,236,30,0.011795335933903169,0.18285983504380354,2024-03-26
798,914,25,0.029254958974355504,0.19718200097069433,2024-01-26
799,93,1,0.011586991646394675,0.10451823711604852,2024-02-10
800,994,47,0.024404778623177574,0.1763202842273156,2024-02-28
801,667,99,0.010008236697067309,0.1004231089278415,2024-03-18
802,7,100,0.02826978148047555,0.10015923139936929,2024-04-01
803,134,19,0.01449709596941965,0.19581972948371767,2024-03-12
804,178,49,0.014670181610087653,0.14709630164949505,2024-01-24
805,330,50,0.015197931351126145,0.13923326206540634,2024-04-10
806,202,2,0.010714890094899303,0.12328401075545585,2024-03-08
807,630,13,0.011362014103199265,0.13748979174750936,2024-02-15
808,736,45,0.020457106069593674,0.15283048556881634,2024-03-14
809,421,86,0.027054612410396396,0.14408108814372245,2024-01-26
810,369,92,0.014652046717239641,0.1955302709814799,2024-01-13
811,470,96,0.022476020390507934,0.11961137125164906,2024-02-21
812,401,28,0.027376502131794114,0.15451814035654277,2024-04-24
813,240,27,0.025684050564980514,0.16258247698940492,2024-02-25
814,858,41,0.025696195001409808,0.1264060316131981,2024-02-01
815,733,79,0.018142812637385982,0.14566572904077016,2024-02-02
816,320,29,0.02981591061328063,0.19832720448833333,2024-03-30
817,901,29,0.0187711741610808,0.1748909097027465,2024-03-04
818,628,88,0.022022424017252552,0.10445058202870156,2024-02-16
819,472,58,0.027827996859532307,0.1771816272767882,2024-03-22
820,113,58,0.01985613999364025,0.12650424148166683,2024-01-04
821,631,7,0.023114916946452544,0.15589351909937052,2024-03-16
822,386,93,0.01266068849590263,0.14787409681937422,2024-01-28
823,208,56,0.024268098975884056,0.10361355359760176,2024-03-05
824,386,84,0.023276206560179875,0.17094356463023103,2024-04-06
825,712,85,0.011011923759842642,0.1847668229673633,2024-01-14
826,710,25,0.024895277117595604,0.17998294767250242,2024-01-21
827,698,56,0.02997755566728666,0.1957541920757266,2024-04-10
828,47,96,0.015355776292841308,0.14784195463813182,2024-03-08
829,227,92,0.018395733401329366,0.19435202085143927,2024-02-08
830,330,63,0.016406144464505817,0.13294976601611758,2024-01-29
831,764,43,0.024105404418034403,0.1929175084213305,2024-03-30
832,443,26,0.011634302726512622,0.14645020452777618,2024-03-09
833,687,46,0.011833367801877138,0.13562316568460098,2024-02-21
834,515,45,0.019508899913308002,0.18415740574007358,2024-03-01
835,574,39,0.014593744743641467,0.17441051566216575,2024-04-17
836,289,89,0.01258775979154397,0.1872281968261225,2024-04-02
837,936,36,0.015893322076598687,0.11320191171264446,2024-01-06
838,358,85,0.016811184783430442,0.11063964812207305,2024-04-15
839,301,56,0.02086465015605292,0.15190593382930534,2024-01-29
840,962,98,0.02619195835440808,0.18522551192052442,2024-03-05
841,804,4,0.011571279529153267,0.13621513557766304,2024-01-08
842,139,28,0.013349780109895286,0.160881400582085,2024-01-12
843,822,71,0.025337721480497153,0.19112972935627776,2024-02-29
844,343,83,0.018331312236692827,0.12971925710972265,2024-04-13
845,337,10,0.026491496391883605,0.12779126223241488,2024-04-19
846,463,74,0.017931000637856725,0.12869554092839283,2024-04-21
847,999,32,0.019379141629155015,0.145604029305559,2024-03-24
848,57,78,0.02235136789736773,0.13377122493993143,2024-04-08
849,788,62,0.015922613232115378,0.18695786804578604,2024-02-04
850,815,46,0.016071411427662337,0.12331907219903324,2024-04-05
851,377,2,0.029723290514555897,0.12198652983401964,2024-02-11
852,736,55,0.010372137558313354,0.17562278566519465,2024-04-10
853,164,28,0.02783479900949827,0.16597928093417513,2024-02-07
854,487,53,0.029015297385473558,0.19860312282028084,2024-01-22
855,65,22,0.012551771157408752,0.16452418214365977,2024-03-27
856,204,38,0.02846140298720015,0.17653856544101454,2024-04-08
857,705,5,0.01962954425122448,0.11237028913659233,2024-04-06
858,422,17,0.022574159509958572,0.12024901845126969,2024-01-29
859,754,53,0.019833195290392996,0.1806807430584863,2024-04-07
860,263,47,0.022223189347656012,0.1753063190734096,2024-04-03
861,509,37,0.015255034816209245,0.19841857290759643,2024-03-26
862,15,56,0.01684845171280586,0.145482506562692,2024-04-05
863,561,15,0.015736059055972543,0.12156561197931007,2024-01-22
864,645,43,0.012823332988090512,0.19638722181428972,2024-02-07
865,11,1,0.013898664495500639,0.11096692698826968,2024-03-15
866,999,96,0.018712569512589698,0.15417023846439448,2024-04-22
867,330,35,0.024237820992078975,0.11920149590786538,2024-04-07
868,481,41,0.026257624490405758,0.1574030766518623,2024-04-08
869,732,67,0.025152217213735964,0.158511211568583,2024-02-19
870,849,15,0.014145503680542959,0.18047592472360174,2024-01-20
871,395,95,0.027548154834171085,0.17291457795666365,2024-04-23
872,954,53,0.02320806972240385,0.1167306417228345,2024-02-07
873,71,16,0.026246918109766183,0.1952371262482353,2024-01-17
874,795,96,0.01395714432011669,0.19932453110836898,2024-04-01
875,540,77,0.024114125735584205,0.10421872680230578,2024-03-23
876,800,91,0.02845453337027678,0.1561791755169802,2024-01-11
877,342,2,0.020991739615493714,0.10244765354347175,2024-04-02
878,5,32,0.01632706116126039,0.10391926709720438,2024-01-09
879,366,13,0.02503181500994437,0.14823648159588435,2024-02-03
880,517,3,0.012566609918404349,0.18813667106302875,2024-04-28
881,195,19,0.019173681680791838,0.17330455002648987,2024-01-20
882,340,14,0.015309497200356886,0.13127898197881427,2024-02-07
883,410,83,0.02031937991791634,0.15254482491717983,2024-01-05
884,302,71,0.017241245658883256,0.16285614171001894,2024-02-29
885,749,81,0.0198962149658972,0.18946493212511645,2024-04-16
886,606,70,0.02034782075265231,0.18371059079056468,2024-02-01
887,208,31,0.015798241386033387,0.18591631018256885,2024-03-23
888,90,98,0.012200838381368819,0.1846345672947485,2024-02-16
889,375,46,0.028724648874106702,0.10551417554418042,2024-01-17
890,833,12,0.02291709153794158,0.17937376257600884,2024-04-03
891,978,52,0.018789841362202415,0.16231974462053253,2024-01-05
892,777,1,0.025264849866991956,0.19000107132677374,2024-01-22
893,814,35,0.026841250104269097,0.14551775784981563,2024-02-20
894,594,1,0.018154351250666625,0.1772781132193292,2024-02-27
895,147,56,0.024829896225493888,0.13537317933966564,2024-03-11
896,810,52,0.010220113000918523,0.11835750318510284,2024-01-15
897,902,20,0.015161390474920353,0.19095660596986122,2024-01-19
898,153,9,0.028428905813911935,0.11757062962805076,2024-02-01
899,8,36,0.014632989144612307,0.14568184637357504,2024-04-11
900,670,20,0.022653513206813997,0.12329891759081413,2024-04-26
901,701,42,0.02178226811350021,0.11198601862393508,2024-01-23
902,166,52,0.013845048568325453,0.19360145052725924,2024-02-28
903,374,76,0.02574028905497088,0.14223052701046565,2024-02-01
904,171,76,0.027113505415850815,0.15766450924131573,2024-04-20
905,693,81,0.029617217100533014,0.14413281882981996,2024-01-24
906,837,96,0.01455700103832093,0.18229990064132068,2024-01-12
907,728,87,0.029680313922329844,0.13190699844226675,2024-02-06
908,35,84,0.011996094404356845,0.10767598165650433,2024-01-10
909,47,98,0.027796378250300645,0.13428774365460633,2024-02-08
910,349,88,0.015417877010416053,0.10243472573796704,2024-01-13
911,686,82,0.014941847619644188,0.13348843611962735,2024-01-16
912,580,13,0.01988500935500783,0.19418242596628044,2024-03-23
913,881,23,0.02108315014105076,0.18815415014557363,2024-03-10
914,994,88,0.02087361776730931,0.1439394783206518,2024-04-20
915,141,5,0.010850664406837407,0.1734367822030089,2024-01-18
916,714,52,0.018322979548751207,0.11711244689401024,2024-01-24
917,646,62,0.01065025123622653,0.1702841263544097,2024-02-17
918,652,1,0.02709226187276067,0.15117705249393765,2024-04-18
919,649,32,0.018532222554810497,0.19359165322694946,2024-02-12
920,73,95,0.01761853347699507,0.10079356371637613,2024-04-11
921,518,65,0.01482469800914064,0.17300281292296688,2024-02-15
922,419,29,0.022004364623511782,0.12851261202968528,2024-03-28
923,87,49,0.01847108699925847,0.1734949217569846,2024-02-15
924,819,21,0.01300694392907973,0.18112733184140517,2024-04-26
925,170,78,0.02086935256360366,0.1151391239417379,2024-02-01
926,804,41,0.02770399731474056,0.1139062282170353,2024-03-22
927,244,78,0.02679647094208277,0.18277924221418634,2024-03-02
928,99,54,0.02026934050299154,0.13905341040987743,2024-03-25
929,646,72,0.01790718526195085,0.1431069128944849,2024-03-07
930,184,37,0.01525721347355541,0.19435071718190142,2024-04-22
931,892,2,0.012269206551282686,0.15004872674617273,2024-01-05
932,947,74,0.026940169363679926,0.10166753199879025,2024-02-16
933,232,36,0.020746015713274772,0.17877952529148633,2024-04-08
934,406,94,0.019730221249713152,0.15305724597631168,2024-01-16
935,829,60,0.027579222227593805,0.1317295266097495,2024-02-17
936,930,35,0.025497686455702114,0.18299593993963617,2024-02-19
937,553,91,0.019896170695557085,0.12855058678840722,2024-01-12
938,676,37,0.021058746909245148,0.10332404380294384,2024-01-10
939,71,43,0.019277796926123653,0.150472276678161,2024-04-19
940,133,89,0.01769162945675987,0.18938457490939528,2024-03-20
941,385,84,0.0249283397853822,0.1881075640497158,2024-01-12
942,11,51,0.0149549176658564,0.1457938984542093,2024-04-26
943,258,35,0.017877342663117315,0.15483477373890897,2024-02-23
944,866,3,0.02665358063790415,0.19781660861727804,2024-04-07
945,591,94,0.025357211411138662,0.15146522609334231,2024-04-28
946,201,79,0.020614431455899123,0.14829257403477333,2024-01-26
947,10,65,0.020320858237873097,0.17253762567716602,2024-01-15
948,25,76,0.02652352209960577,0.12282461557362584,2024-02-27
949,897,43,0.027167023559738067,0.14651293842531066,2024-04-04
950,255,35,0.027631630606996666,0.1910408954939823,2024-01-01
951,76,29,0.012006734838798548,0.16684497509863672,2024-04-14
952,810,49,0.01968901450683405,0.19123799641642852,2024-04-16
953,153,48,0.029993968455185843,0.13243496843037517,2024-02-14
954,695,83,0.017726489911798295,0.13427016071926273,2024-01-22
955,851,36,0.017006241705415075,0.17048058512290137,2024-03-22
956,665,28,0.02515855215659679,0.18167195733852465,2024-03-06
957,447,32,0.019479892392665673,0.126888896810888,2024-03-27
958,221,81,0.01817816207664453,0.10160036360374597,2024-04-16
959,203,2,0.0228380987505779,0.18626974880126784,2024-03-01
960,491,5,0.01855743660617343,0.13839404205784137,2024-02-01
961,744,42,0.013823037523022927,0.19797399337908783,2024-02-26
962,40,39,0.020354641082397686,0.18282525301380506,2024-01-22
963,812,94,0.013695437997457684,0.1308103767713875,2024-01-29
964,329,33,0.025177958921954253,0.19844660228026803,2024-01-15
965,237,69,0.028551986127759,0.16285079971867394,2024-02-08
966,587,3,0.010961134318229508,0.19291442818205493,2024-01-23
967,287,42,0.01366062618385005,0.19775081769132552,2024-03-07
968,807,91,0.02554673774736528,0.18385111228713755,2024-02-10
969,564,62,0.01283931992027381,0.1874718771117747,2024-04-26
970,660,6,0.02392150996740702,0.1169225114323077,2024-03-22
971,928,3,0.017942782284014285,0.14804634880801318,2024-03-17
972,351,94,0.017812996456685777,0.17877278461761273,2024-03-31
973,144,13,0.021536179744110297,0.14529943652231622,2024-02-15
974,217,44,0.019505802550710216,0.12200020048342633,2024-01-29
975,676,16,0.01501438466809743,0.12185564974236393,2024-04-05
976,146,33,0.025968371288473735,0.14846317626008695,2024-01-22
977,11,3,0.012231531652456506,0.1280061244877406,2024-04-22
978,34,95,0.027967739154484507,0.1439800514410264,2024-02-21
979,616,7,0.013304038693579434,0.10973501985430756,2024-04-09
980,348,39,0.010327533938165816,0.19907186951915282,2024-01-27
981,185,94,0.017123232377600238,0.15294912510495806,2024-03-29
982,764,95,0.02394016538290816,0.17166667186213108,2024-04-11
983,670,52,0.020014955463459043,0.1025134150508486,2024-04-06
984,657,54,0.016445022128487228,0.1825194637988854,2024-02-07
985,524,54,0.011165807171024887,0.12052446457153347,2024-03-28
986,87,51,0.027510035342061298,0.11375300739235823,2024-01-09
987,786,59,0.023987504412689202,0.12312936530287971,2024-03-20
988,908,30,0.029190833931272288,0.1169407792004695,2024-04-04
989,702,31,0.01545610371003859,0.18964004177554888,2024-03-18
990,613,60,0.010187818678528473,0.17314614878146795,2024-01-25
991,334,40,0.02817118859760017,0.17879355569119762,2024-04-17
992,279,54,0.029123709847220257,0.1288864478602237,2024-01-29
993,632,24,0.01865520880046527,0.12278426921745551,2024-04-22
994,737,60,0.01762363372125458,0.11043493804472992,2024-02-18
995,733,61,0.0266755928145522,0.13285682724553818,2024-04-20
996,203,21,0.010954234212975044,0.10399532243610085,2024-03-13
997,914,63,0.018432622106905577,0.13804780554076088,2024-02-21
998,881,37,0.02075908896972653,0.1882480647896331,2024-03-23
999,97,80,0.02918350024054888,0.17883194238070926,2024-03-07
1000,984,8,0.01100239529973755,0.11979770678262647,2024-01-05
