InvestmentID,FundID,AssetID,AmountInvested,DateInvested
1,2,241,471012.6260787535,2022-05-24
2,55,291,324203.5801230754,2021-06-13
3,78,223,425055.06399736233,2022-01-26
4,47,310,172636.2556404255,2023-10-27
5,95,463,301213.55676163756,2022-06-28
6,79,315,145430.39930082133,2021-06-24
7,22,113,20539.43744168946,2021-02-10
8,16,40,496512.8324551688,2022-08-03
9,86,254,273425.4198372489,2019-08-19
10,6,134,289944.52051472856,2021-06-10
11,64,446,207504.80608912313,2019-06-09
12,7,326,486176.99647467496,2021-10-06
13,64,191,56134.525802119046,2024-04-08
14,80,373,456579.9358807168,2024-03-07
15,36,464,51597.730443934626,2020-01-22
16,6,41,326379.4341365332,2023-02-22
17,99,323,113042.9483767604,2023-04-23
18,68,310,67111.62007200884,2023-08-22
19,47,85,414899.3608604944,2024-03-20
20,72,210,150487.3090728034,2020-06-09
21,65,396,86779.62318585387,2020-07-03
22,80,358,218241.39956207838,2023-03-16
23,91,399,20489.779025085598,2023-09-30
24,70,274,78445.76529801294,2020-06-08
25,86,468,403982.690831006,2023-01-09
26,24,15,436423.9490018613,2024-02-02
27,74,332,457871.16198846494,2023-03-09
28,74,155,322254.0473282724,2022-05-04
29,10,106,212362.85690481227,2022-02-06
30,73,300,252289.38623923145,2024-04-03
31,42,132,157702.53861476568,2019-09-27
32,78,338,149868.32819567923,2021-10-24
33,44,344,496937.48270462034,2020-08-29
34,5,445,119752.18437430197,2020-08-17
35,60,186,458118.74920365,2019-05-18
36,14,149,339551.41438876506,2023-12-17
37,49,245,80156.74372476453,2021-09-25
38,26,348,489024.36762063333,2023-07-04
39,8,174,27302.699929510065,2021-08-13
40,52,227,432457.0316261032,2022-07-27
41,35,4,437009.412314577,2023-11-13
42,45,439,356768.9956445339,2022-09-19
43,33,30,63923.38934124603,2021-08-25
44,4,154,305624.04201683257,2020-07-27
45,89,404,270974.41932704754,2021-10-24
46,28,103,149090.0057958703,2021-11-07
47,48,378,30784.33672900881,2024-02-05
48,5,182,383916.50357773405,2019-07-31
49,38,204,178090.02382156113,2021-10-31
50,82,202,337364.94924495165,2022-10-16
51,99,195,314896.8593586674,2020-04-28
52,23,267,105727.99691565332,2023-12-15
53,9,237,142289.08270741685,2021-01-06
54,18,126,486915.89637913706,2020-02-08
55,71,29,376220.1922739507,2022-10-28
56,10,82,70651.79201187994,2024-01-12
57,46,450,491250.6410515367,2021-07-16
58,48,36,374980.6064363337,2024-03-25
59,99,324,336554.22356551,2020-07-07
60,57,464,124987.43063138411,2023-07-18
61,21,476,352513.0643516484,2021-08-28
62,27,399,22376.9827395952,2021-01-01
63,12,209,422621.73307525396,2021-02-27
64,86,271,410030.7288912651,2021-09-04
65,42,310,62276.23323907663,2021-08-19
66,97,361,148543.36140006912,2021-09-08
67,22,245,135825.5082198982,2023-02-12
68,6,362,463321.22713865177,2020-06-02
69,67,459,62777.16012494176,2023-08-01
70,52,494,464814.0444159262,2020-08-30
71,19,209,313315.1158211248,2020-01-18
72,55,252,12857.914414911114,2021-11-17
73,31,380,395369.2587195325,2020-07-21
74,61,209,246855.18468316607,2022-07-16
75,26,303,308387.53073722374,2020-01-05
76,49,478,133726.33164816847,2023-01-01
77,46,173,345971.0829861574,2020-01-08
78,17,398,98596.34350946947,2020-10-06
79,37,294,306489.19824057916,2024-02-28
80,75,97,446350.8002266429,2020-04-16
81,66,475,222718.28650132357,2022-05-07
82,57,187,472810.5866728707,2023-08-25
83,87,456,390122.7047601518,2019-12-23
84,72,43,454110.03862665314,2021-07-06
85,89,143,38933.29581222677,2021-04-02
86,2,92,384100.12825107644,2020-08-30
87,70,410,200184.50230282443,2020-10-16
88,69,482,250662.18415985003,2019-11-20
89,89,289,52080.75278277196,2021-11-16
90,56,119,140662.64838752992,2019-05-08
91,33,175,233311.93301711927,2020-10-19
92,14,232,165431.7683206485,2023-03-09
93,48,401,136018.92150116822,2020-12-21
94,44,251,307158.267897129,2021-10-15
95,78,316,364611.0929490668,2023-05-05
96,42,286,444220.8196176281,2024-03-05
97,97,121,216597.33155373664,2021-07-24
98,44,138,218176.77639857263,2021-04-05
99,65,285,116606.74130680766,2020-10-27
100,25,492,157783.16423021993,2019-12-14
101,69,182,449971.5105326075,2021-11-20
102,42,353,379593.8610283583,2020-06-09
103,30,1,265992.05043258663,2024-03-06
104,51,80,185171.8373515643,2023-03-20
105,60,316,456224.6654827486,2020-04-19
106,77,45,344505.343046272,2020-04-27
107,95,40,434928.90578883624,2024-03-29
108,1,188,369634.9732001364,2020-07-30
109,73,10,283945.8411658434,2023-01-21
110,32,283,111493.37212937434,2019-10-03
111,60,415,344639.97848719003,2020-06-14
112,41,442,481382.1221161864,2022-03-24
113,16,207,491779.75984266377,2023-04-04
114,77,418,436172.794051773,2022-07-06
115,55,209,238886.7072989275,2024-01-10
116,44,135,186110.32960249134,2019-05-06
117,34,446,452829.9648946106,2021-12-24
118,70,73,389497.2010845445,2020-02-15
119,82,310,27472.599389860163,2023-05-20
120,72,91,277207.76217331225,2020-06-11
121,45,34,355179.9239150176,2022-07-12
122,85,118,307334.0783998803,2022-04-20
123,21,473,238481.44273428002,2022-03-10
124,85,50,313125.303544443,2024-03-23
125,30,486,61490.97668129258,2023-05-07
126,47,379,274663.0011971855,2020-05-31
127,71,405,348961.8460585869,2020-12-02
128,62,304,46964.664994542596,2019-08-19
129,94,446,268647.7524034986,2019-07-21
130,6,489,97719.02880445942,2019-09-08
131,68,490,435366.10793973925,2019-10-21
132,23,159,388313.4610986701,2021-05-06
133,83,267,474495.11054601835,2021-08-07
134,2,129,141999.48336332748,2020-03-14
135,9,499,30088.569865680776,2023-09-24
136,88,185,173214.96494490287,2019-05-18
137,11,271,286815.03625164303,2019-09-28
138,10,156,160432.7490204065,2021-09-17
139,83,331,153485.12262427146,2020-01-25
140,62,375,86277.2341262523,2022-08-06
141,66,235,167082.15717732272,2021-04-27
142,72,120,83815.46335811199,2020-04-01
143,46,433,93250.32473221207,2022-09-12
144,33,77,35665.24670854503,2023-10-10
145,60,106,25132.18452445294,2019-05-31
146,93,317,68903.21592374882,2021-01-01
147,12,88,434339.94447277475,2020-01-19
148,91,349,26044.732637381738,2020-11-25
149,63,259,56666.7183613608,2021-04-23
150,13,38,463655.7975211591,2020-12-02
151,78,123,100316.6729737214,2020-03-01
152,7,379,424839.02545586304,2024-03-04
153,22,28,317177.3983664239,2022-05-26
154,40,112,290377.1478137679,2021-03-01
155,22,128,458719.27858988394,2023-04-28
156,67,71,86714.49626473362,2023-11-15
157,88,166,478028.4374043388,2023-01-24
158,81,55,358158.87890744506,2020-10-02
159,71,353,409565.2307784912,2023-07-24
160,11,423,357945.4339722881,2023-12-24
161,37,181,450105.1613029293,2019-07-18
162,51,351,154858.05264400493,2020-06-05
163,49,210,84903.76759697347,2019-05-24
164,57,185,164007.56053193097,2024-02-02
165,70,488,453008.7312789472,2020-01-06
166,46,89,329591.5014580179,2021-09-25
167,75,358,447512.1623424485,2024-02-23
168,78,454,174676.41077040878,2019-11-08
169,76,389,447596.75829826103,2024-04-06
170,74,41,174940.5645479989,2022-04-10
171,36,372,418515.6909134335,2020-06-06
172,12,262,141393.43575002288,2023-11-15
173,77,4,290615.0081480106,2021-01-24
174,42,132,483342.1104393688,2024-01-05
175,34,99,152803.5805381164,2023-05-08
176,69,272,177581.25289540115,2022-10-24
177,45,298,118644.14782898051,2020-02-20
178,61,174,493799.07480879157,2020-08-22
179,46,16,475762.3331255152,2024-04-23
180,8,469,113807.6437986887,2023-12-30
181,85,100,248692.89163747523,2024-03-27
182,72,479,268049.0897542222,2020-07-10
183,100,118,215652.01039665443,2021-03-24
184,49,399,202440.9821627146,2022-05-21
185,89,218,348252.96648824733,2021-04-13
186,9,393,44825.565969654606,2023-08-21
187,40,434,386244.7677767565,2023-07-22
188,31,393,468712.81232340925,2022-01-13
189,94,443,288805.41007983807,2021-02-20
190,42,60,230088.7792008944,2019-11-04
191,62,240,220850.56263607382,2020-09-06
192,67,226,260557.1248692274,2019-07-26
193,67,258,83340.73975603773,2022-08-29
194,100,310,373851.5966863555,2021-07-16
195,13,48,442104.58898700826,2019-11-20
196,70,289,270751.69243285444,2020-05-23
197,87,480,151435.22529662226,2021-11-18
198,26,402,400717.7036722295,2022-10-14
199,43,65,393025.28481002105,2022-03-30
200,90,333,24897.802065419324,2020-02-14
201,57,37,73744.1020239507,2022-03-30
202,68,303,95901.5687829661,2023-04-02
203,95,233,275627.3986457658,2021-09-27
204,67,57,495435.6383426011,2022-05-06
205,69,182,289741.0346338796,2022-08-06
206,3,250,145232.82618611283,2023-09-24
207,78,175,190218.0038681509,2020-08-06
208,81,269,418425.99074851495,2021-12-01
209,57,62,98475.47138334088,2019-06-22
210,79,245,147387.3690507965,2021-12-30
211,92,49,413918.9697236408,2020-01-02
212,27,82,149450.59561149366,2023-05-30
213,74,235,11074.51857381829,2022-09-20
214,84,337,286176.8239212156,2021-02-20
215,96,175,400333.0277222519,2022-02-01
216,6,171,373031.66812569246,2019-07-31
217,54,377,414977.8259413504,2023-09-26
218,52,347,188670.13251798836,2021-10-02
219,35,433,494533.2363575573,2023-01-19
220,57,142,344083.1630140953,2020-09-29
221,56,34,226450.30693763387,2022-02-09
222,23,299,215932.14654105617,2023-07-29
223,12,424,112868.23284412264,2022-02-03
224,48,273,443601.50275006733,2022-07-24
225,71,485,419429.38130385097,2020-07-03
226,25,216,452156.9740733269,2020-08-13
227,75,184,430071.73854343366,2022-03-12
228,36,90,289085.8930222374,2021-08-22
229,21,471,285382.4416934702,2020-07-05
230,48,9,438045.67092346883,2021-12-17
231,4,200,86905.02306982926,2021-06-11
232,60,70,53083.42300128904,2023-06-30
233,35,28,109130.12015780168,2021-09-07
234,39,364,343162.7746446897,2024-04-25
235,81,414,334157.93137483456,2024-01-07
236,98,163,257576.98036468975,2023-03-12
237,80,410,365927.63299902505,2021-10-20
238,16,133,310321.6307247109,2020-08-15
239,72,481,134518.12119485537,2022-04-11
240,39,196,255267.29822330683,2021-01-31
241,64,185,188845.64704722707,2022-06-30
242,4,195,132955.59918494872,2021-04-25
243,68,352,45346.434799697054,2020-05-04
244,61,276,166627.28651939632,2020-02-11
245,30,258,322734.6395094007,2021-07-09
246,78,341,283593.5076426318,2019-12-19
247,36,87,455906.40288142324,2020-04-11
248,67,417,123865.21906492468,2022-12-19
249,59,291,370700.54367474874,2021-09-15
250,32,291,475260.8052055248,2021-12-05
251,72,268,44243.70672644754,2024-03-11
252,96,316,431322.37597046705,2020-09-09
253,96,105,117785.8913688908,2021-01-12
254,25,234,423131.0536305435,2022-08-06
255,56,3,52313.26127211661,2023-09-07
256,69,118,329747.7424732445,2023-05-21
257,65,329,446144.38804635056,2022-07-17
258,45,2,410905.8079731229,2021-05-15
259,47,147,268409.0793556768,2022-02-27
260,20,269,83817.8234002264,2020-05-05
261,23,92,368424.156713242,2021-10-23
262,56,54,372588.3208139534,2019-05-25
263,33,341,282922.88769397675,2023-12-30
264,29,194,181802.41495502912,2019-11-26
265,91,139,320224.9365338676,2023-07-15
266,91,150,262096.95827761258,2022-10-12
267,48,384,127806.42366068093,2021-08-26
268,65,64,142268.6199091113,2021-11-26
269,65,16,30497.561393529948,2020-07-21
270,38,352,334737.222580834,2023-09-10
271,39,413,147335.24079195227,2021-12-21
272,6,405,260255.72187404713,2021-12-24
273,29,74,187524.39935416516,2021-05-08
274,77,66,409145.263355011,2021-09-24
275,97,337,178709.43830745507,2024-01-08
276,54,372,247831.1040087076,2023-07-25
277,2,449,30612.395508600544,2023-04-07
278,56,469,192461.67986481645,2024-03-30
279,46,287,131108.90504621557,2022-12-21
280,93,404,238955.40382863695,2023-04-27
281,48,304,44205.448038393086,2019-12-17
282,36,96,55043.610141444806,2020-10-16
283,35,223,247529.0327780386,2021-07-17
284,47,112,368743.5705571087,2024-02-04
285,72,81,461411.50278236344,2021-12-08
286,61,396,33158.70567532285,2023-04-02
287,63,141,239725.28817325755,2021-11-11
288,6,209,468387.30539355107,2023-12-22
289,56,38,44352.29851330835,2024-02-18
290,85,66,259575.7038908162,2023-11-22
291,28,2,275039.9302327898,2021-05-17
292,57,90,331218.1624583638,2022-07-09
293,64,316,71562.77418516454,2022-07-15
294,79,315,268915.4526314116,2020-10-07
295,74,87,311653.6920704587,2023-03-20
296,53,69,188928.2521257793,2020-12-29
297,58,4,460231.2452133008,2021-08-11
298,3,314,384426.4460779918,2020-04-25
299,74,381,379512.70782149,2024-01-26
300,52,490,183145.74284618432,2023-07-16
301,39,41,447822.9810379122,2022-09-09
302,7,228,402366.1952391174,2019-07-06
303,82,68,356061.0467612303,2024-02-26
304,48,6,452622.2874006199,2019-08-03
305,99,396,139309.68971821165,2022-06-06
306,9,229,370304.67153605045,2020-09-06
307,96,53,97157.87739675184,2023-02-11
308,61,178,263695.99984777614,2020-02-18
309,57,148,178416.19914877322,2023-06-30
310,9,62,29011.888083198253,2020-02-08
311,65,8,94968.79679569774,2023-08-06
312,84,492,239921.84454808157,2020-12-08
313,53,378,172626.90448121162,2022-04-01
314,40,36,24238.787859108263,2020-10-06
315,56,295,137647.01306371475,2022-07-16
316,92,73,93273.27953798707,2021-08-08
317,46,224,90966.39733811862,2020-09-23
318,100,97,184422.20737912168,2022-03-07
319,94,354,295501.1997565884,2022-07-14
320,2,480,432479.9319941032,2019-08-08
321,12,476,156157.43115814397,2021-06-27
322,21,435,164027.92452459884,2019-07-25
323,18,370,290625.3747758941,2019-11-07
324,76,187,56524.578215867245,2023-07-21
325,68,452,174515.27047999552,2023-07-04
326,89,343,453384.2852099579,2020-05-10
327,22,422,478624.79045578407,2020-12-27
328,9,500,57471.50624199863,2024-03-01
329,8,466,261868.0796898933,2020-03-06
330,65,250,349736.9008861202,2020-10-15
331,30,360,283256.55438851396,2022-05-08
332,31,295,51297.034071054804,2022-09-12
333,9,183,113303.37262212193,2020-01-29
334,60,87,161680.40857337348,2021-07-09
335,49,253,343886.7807709682,2019-08-12
336,41,44,133338.46536772954,2021-03-21
337,24,445,398901.78854961396,2022-10-16
338,36,279,182652.09387588297,2022-10-09
339,83,270,364106.6311297846,2021-12-04
340,60,189,184185.10692359987,2023-02-06
341,4,287,456176.1424318266,2019-09-24
342,23,308,80037.95921925058,2022-02-28
343,52,459,188188.86196913914,2022-10-01
344,39,153,161852.07507112628,2024-02-01
345,77,404,336351.32815217396,2023-11-09
346,60,272,102504.87433697695,2023-08-08
347,17,90,339761.84081551386,2020-12-05
348,55,259,187102.7185100755,2022-04-22
349,9,177,121628.65587132238,2022-08-01
350,16,11,395716.839202642,2021-11-27
351,6,73,143153.06577686357,2021-01-16
352,4,7,118801.9412298699,2022-07-07
353,85,3,444790.6472791782,2020-06-13
354,57,202,491943.4739566167,2022-04-25
355,64,75,323729.4291941191,2024-03-17
356,46,329,485807.2347398932,2020-08-06
357,18,424,412892.0154596379,2022-04-23
358,57,471,363953.2533839,2020-02-03
359,81,131,179839.58517679694,2019-10-27
360,69,418,184859.852283787,2023-10-09
361,55,257,96736.0029905177,2023-05-25
362,51,434,244682.5740273889,2020-09-10
363,5,476,335751.02634303906,2021-03-28
364,68,378,199880.81021635648,2024-01-14
365,65,305,84185.42386415663,2024-04-17
366,16,97,383664.59653078794,2022-10-30
367,61,446,128652.05662263028,2022-04-18
368,23,24,215201.3119754925,2020-12-13
369,15,70,426699.76526664797,2022-10-08
370,57,85,201898.45223329598,2022-12-08
371,19,486,237666.8174909327,2020-04-11
372,80,239,19227.56386289774,2023-11-24
373,58,66,81112.5802667335,2022-03-20
374,27,413,261439.6903981354,2024-01-18
375,37,456,351364.4992555877,2020-07-28
376,30,471,87686.79304150477,2021-06-22
377,73,283,274801.77932742226,2020-02-10
378,46,490,237250.74818298197,2021-12-14
379,1,62,214963.98159372323,2023-05-25
380,54,19,164310.6622976772,2019-12-24
381,29,468,340426.31716536795,2022-01-03
382,54,158,246402.06037694946,2023-02-18
383,18,47,11269.109164015217,2023-02-28
384,12,255,245409.59636338757,2021-04-12
385,66,176,251330.13070870392,2022-02-23
386,14,70,71413.21590673155,2022-08-21
387,72,26,126631.06786824876,2024-03-29
388,63,56,481891.1046439284,2024-04-27
389,63,391,469980.45256812713,2023-05-27
390,23,320,453920.79496398097,2019-09-29
391,15,22,411647.1473700182,2021-07-10
392,85,483,19934.19356930152,2021-06-13
393,9,207,353630.2291585596,2020-06-25
394,39,113,44207.72130634114,2021-08-25
395,95,63,378496.3573433355,2022-12-06
396,43,421,109728.99146597923,2019-05-11
397,63,247,164210.23381506343,2019-06-09
398,31,151,205737.90810544725,2023-03-14
399,88,267,343748.9030358209,2021-07-20
400,10,341,359144.15773230843,2020-12-27
401,7,267,113610.96745614521,2022-01-21
402,80,71,98284.9401587486,2020-10-30
403,48,385,333253.73639398784,2019-07-04
404,26,73,479440.0043928685,2021-08-16
405,72,422,272807.8205777662,2020-01-21
406,36,87,490469.7771730403,2022-09-23
407,66,358,433995.31084790523,2023-03-08
408,65,137,222001.8125870837,2020-11-21
409,11,401,198590.74792150912,2023-04-11
410,52,474,255991.5218518902,2024-04-07
411,50,473,59574.53665870851,2023-01-23
412,2,8,317581.42138800846,2023-06-20
413,18,417,482278.75521279196,2021-06-09
414,54,167,283994.2782626422,2019-06-08
415,96,299,375946.6047921536,2024-02-02
416,17,466,282375.7208209048,2020-12-07
417,10,97,336881.3889827318,2021-03-01
418,71,203,430289.2562369409,2023-06-29
419,98,126,452688.3489566414,2023-10-02
420,6,445,204776.23110591838,2021-12-24
421,44,314,75049.04778477421,2021-05-31
422,73,399,254882.79529075316,2024-03-29
423,51,341,429309.30389773555,2023-11-13
424,13,75,13701.770681108486,2024-01-08
425,58,303,79018.34807821289,2022-04-24
426,70,414,179404.08944195468,2023-08-07
427,54,144,31214.32979712799,2024-01-17
428,27,305,110424.89361398351,2022-12-26
429,91,13,230318.023509186,2022-09-18
430,20,26,41073.81007504984,2021-01-25
431,26,85,203151.76412433866,2022-08-14
432,52,112,93266.43229036152,2020-10-31
433,41,342,463385.34201470745,2023-05-12
434,95,378,142549.7860004915,2021-01-21
435,99,492,230595.43319563993,2019-07-14
436,30,474,362386.8405096337,2020-04-09
437,73,380,74327.83595904468,2022-12-01
438,63,403,63867.3287215102,2020-01-12
439,58,418,75372.49824350298,2022-11-16
440,87,310,362746.3797935949,2022-03-24
441,17,266,67547.64690740904,2023-02-12
442,25,404,279817.8816598243,2021-03-04
443,32,367,437222.4138166507,2021-09-20
444,54,429,460168.21286013233,2021-05-24
445,79,108,263855.5796308292,2021-08-19
446,6,381,426856.07093630615,2022-05-28
447,46,270,174957.4450204996,2020-03-19
448,14,181,333081.3535811755,2020-05-21
449,49,491,170355.94055104585,2024-03-19
450,61,319,302129.1476397874,2021-01-08
451,61,159,74312.14062144744,2024-03-20
452,7,489,383341.33339605335,2020-01-13
453,21,451,150794.5567557915,2024-02-25
454,33,159,472514.4608634847,2023-10-25
455,65,285,54801.72152792426,2023-07-11
456,93,498,254083.53327804874,2024-03-20
457,57,127,135927.50391752544,2022-10-01
458,77,14,153273.98489843158,2021-07-20
459,98,341,487353.1829283729,2019-05-17
460,10,406,281073.1098996281,2019-10-29
461,54,260,356124.3306394914,2022-07-27
462,96,402,19339.990622423837,2023-10-05
463,54,168,150042.6778006329,2022-01-09
464,22,169,453158.96049272997,2019-07-18
465,77,113,493431.433758596,2022-04-21
466,45,268,202268.46845531833,2019-11-06
467,8,267,60492.31825997765,2020-11-28
468,37,346,236720.95840153043,2022-02-26
469,2,89,451783.333488098,2019-11-21
470,90,227,164201.57944196535,2022-11-20
471,32,239,177078.2006114903,2020-09-13
472,64,482,489017.0988155248,2019-10-28
473,92,325,351164.1215619177,2023-06-29
474,37,439,381497.5187115386,2020-07-03
475,14,418,279919.2308423184,2021-04-27
476,51,56,95023.30816581995,2020-05-25
477,37,323,17534.63299305237,2019-05-14
478,18,431,327363.1635513881,2020-12-01
479,13,206,120296.36145282447,2021-08-23
480,25,494,103759.29976421333,2023-07-10
481,4,477,291712.817598357,2022-01-22
482,43,149,302195.9606693218,2022-12-11
483,99,461,432261.59594067396,2021-02-25
484,88,211,278947.791877854,2021-01-20
485,79,312,90683.26818681617,2022-07-27
486,17,239,74629.54311057742,2020-03-30
487,8,24,143709.97173196037,2020-12-02
488,97,406,408384.7856503879,2023-02-08
489,40,312,317231.54636859096,2022-11-12
490,26,113,72409.11844120146,2024-04-20
491,16,189,240886.45120699218,2022-01-29
492,33,93,299612.90816884453,2023-11-30
493,37,169,407323.9348729438,2024-02-07
494,3,273,291092.4616138402,2022-09-02
495,7,265,201924.3402222437,2023-11-07
496,1,150,377963.4103497134,2023-02-03
497,74,109,393281.46041946986,2023-11-05
498,66,366,402449.2897930827,2021-09-15
499,88,425,46496.586350501886,2023-09-26
500,6,476,455938.77668245015,2020-04-17
501,65,249,305792.90616914514,2023-11-26
502,30,302,60842.84119559198,2022-08-01
503,85,427,357833.1406357027,2022-08-24
504,44,302,72057.33096756239,2024-03-12
505,36,322,44035.32215222211,2022-10-02
506,53,164,239778.98108094867,2021-06-06
507,27,491,301584.00599745224,2023-04-28
508,24,498,398273.6698547167,2023-08-07
509,13,240,95282.25661396857,2022-08-01
510,3,183,381113.5845405124,2020-04-10
511,53,496,301785.9398653555,2024-03-20
512,29,137,367621.9843778651,2020-02-10
513,78,67,298396.7734551424,2022-09-11
514,35,304,10277.467218048989,2019-06-30
515,29,65,361423.6948834494,2020-05-23
516,29,360,393246.8649242527,2019-08-21
517,33,71,238903.06789708836,2022-12-19
518,21,68,103979.66062886662,2020-06-26
519,88,385,245934.47356760586,2019-05-18
520,59,268,99907.40496114531,2019-11-09
521,53,171,444500.5867317392,2019-05-14
522,43,353,126402.03480478116,2023-10-12
523,55,347,15419.116488035597,2022-06-15
524,77,242,132392.55286542868,2020-09-13
525,83,394,12153.204027625094,2020-01-30
526,35,274,93499.67378815847,2019-06-03
527,93,210,169090.02276534482,2021-03-08
528,80,179,254333.03938141913,2020-02-25
529,74,220,43781.543331882465,2019-10-02
530,24,460,303256.59849246877,2023-03-06
531,1,333,485150.76628345496,2021-05-04
532,37,152,438768.56679714564,2021-08-27
533,12,55,435121.7994649026,2021-05-19
534,57,252,181373.52462931286,2023-12-14
535,80,283,191455.8536314762,2023-08-31
536,68,326,475513.42444106896,2022-09-15
537,2,15,111812.82515753682,2020-11-05
538,74,428,189014.21702754335,2019-05-24
539,94,418,440640.28467041336,2019-05-13
540,95,119,285222.08494278183,2022-08-14
541,95,132,367380.0006109916,2022-07-13
542,30,427,119130.5168699519,2020-06-07
543,2,276,475708.9520091277,2021-01-20
544,23,68,303174.59327438835,2023-09-13
545,92,142,211157.134066819,2023-07-25
546,57,373,423061.86504133075,2023-11-15
547,1,279,226377.2796270366,2022-08-29
548,48,500,382815.75455608004,2022-01-20
549,55,489,203544.46849540022,2022-07-25
550,74,334,314420.25306048227,2020-02-16
551,53,470,343659.79614996095,2020-02-02
552,43,180,447119.0115085178,2020-07-01
553,62,276,217453.61704457828,2021-08-17
554,14,111,458970.1430160046,2020-12-03
555,11,341,284038.6650353217,2021-04-06
556,53,385,167218.84644077762,2019-07-22
557,42,78,14817.961371722497,2020-03-10
558,22,391,91245.45647805564,2021-04-02
559,23,439,274685.43319800566,2022-02-26
560,90,25,192349.84916801745,2021-09-23
561,11,393,389725.6461625666,2022-05-01
562,83,405,106503.43870927194,2021-01-24
563,42,378,266177.2578221427,2022-08-30
564,58,171,71450.02519783843,2023-08-31
565,3,19,475582.29459522496,2020-10-11
566,37,46,34234.749075337066,2021-11-30
567,13,92,241936.27090841832,2023-05-27
568,43,384,381540.9638790636,2020-07-27
569,91,426,429216.7217765886,2022-10-31
570,15,395,222006.00734265172,2021-06-27
571,8,176,283646.41536030476,2019-05-11
572,99,412,241397.80374910616,2021-12-26
573,76,479,356074.07648661535,2019-09-21
574,77,237,262861.27694722655,2023-01-15
575,56,420,499458.0810691463,2021-02-05
576,89,191,174943.71603446075,2019-07-14
577,83,356,182461.5834415671,2023-10-21
578,56,380,301803.0199722835,2020-12-20
579,26,459,499820.55332062853,2022-10-02
580,15,364,72330.58332441753,2019-08-27
581,43,90,23619.70110213179,2020-07-26
582,84,277,350606.7697706251,2023-05-07
583,80,456,23151.307433362927,2020-02-28
584,6,481,464373.83407767635,2022-07-14
585,40,128,466081.707168312,2021-05-06
586,18,121,205105.15516242638,2022-04-22
587,86,115,134502.8520388971,2024-01-20
588,64,405,310119.8752442984,2019-06-26
589,43,473,50785.46735629044,2022-02-11
590,61,192,450652.8738420298,2021-07-26
591,26,213,282788.9166972483,2024-01-18
592,82,175,326970.74292342074,2023-05-16
593,13,162,286799.54189769353,2024-04-06
594,18,199,417113.69274426845,2019-09-15
595,64,311,166634.42605973154,2022-11-27
596,12,204,403315.15698791365,2021-02-07
597,92,390,24010.74512828093,2021-10-29
598,14,225,291960.7652391588,2023-02-20
599,1,150,245101.01616969035,2021-02-15
600,89,232,467172.8209101514,2024-01-01
601,86,384,14017.96829119845,2020-06-14
602,21,337,439109.9023670822,2022-07-31
603,72,199,16001.658574914589,2019-08-21
604,18,193,357177.8840123647,2023-07-03
605,18,339,493124.06951330346,2021-07-13
606,57,239,105430.79454612835,2019-07-15
607,55,25,454800.1068359114,2020-07-22
608,70,145,18139.188179267927,2019-12-19
609,15,120,369176.3324751324,2019-10-25
610,94,413,454942.9947145568,2021-04-15
611,36,275,496963.58148036007,2021-10-16
612,87,277,438931.6679234304,2023-06-09
613,89,109,291018.95739866776,2020-04-10
614,51,402,263150.76464407146,2023-02-01
615,72,381,491802.0128397789,2022-10-17
616,12,24,168901.90215239767,2019-05-23
617,52,252,176177.1562966272,2020-11-15
618,89,131,271450.29975208215,2023-08-05
619,16,174,58443.89521791987,2022-12-31
620,72,401,204895.46344155064,2023-12-25
621,59,266,139959.93189615407,2023-09-30
622,82,269,50510.607866749844,2021-09-28
623,82,480,187293.1292058098,2024-04-23
624,11,220,249879.75130901844,2023-02-07
625,78,146,286956.36107792315,2024-01-21
626,9,165,241596.87740879125,2021-07-21
627,74,71,406818.4080892111,2024-02-21
628,3,31,444018.9658646434,2021-06-16
629,3,494,462138.7676209043,2021-06-30
630,98,213,267368.98538319056,2023-06-01
631,36,142,330088.1309317022,2023-05-19
632,70,31,188799.18910062648,2022-08-22
633,53,130,200191.42799263145,2020-10-25
634,70,127,404502.2034182679,2021-11-02
635,37,20,425282.1738612381,2021-03-13
636,35,35,201024.76108674196,2023-12-29
637,45,9,419339.7494040001,2022-01-20
638,7,145,230274.79096552887,2020-04-16
639,51,262,76327.67480102065,2023-05-06
640,57,400,200782.38493528723,2020-01-03
641,52,18,56748.17047166276,2021-07-26
642,27,52,141198.1683522986,2023-03-03
643,97,106,461541.8636791824,2019-05-14
644,96,125,17417.30870766528,2020-08-28
645,94,340,390372.0969919224,2022-05-12
646,12,30,417552.20357955986,2019-12-24
647,2,486,55395.021092427814,2020-11-27
648,6,74,189993.97259169084,2019-07-06
649,82,314,10288.836170927923,2022-08-22
650,90,252,370440.6237192689,2019-11-20
651,63,72,57700.84412190292,2020-01-06
652,71,155,399628.2991165552,2021-07-25
653,96,35,438409.35152353713,2023-03-23
654,49,455,423039.7829467201,2019-10-23
655,90,223,36663.48482412245,2023-10-10
656,38,6,185058.6341931824,2020-08-26
657,26,262,208145.1543687949,2023-03-10
658,85,483,419844.7215864768,2020-08-11
659,65,109,277425.1182017259,2020-06-09
660,11,86,201398.92206306878,2022-07-04
661,62,202,421458.5647616245,2023-11-17
662,57,231,390803.33664661786,2021-03-23
663,24,349,416122.63735008443,2021-03-28
664,82,157,93365.8018970802,2021-11-17
665,41,481,361037.48132783786,2020-02-18
666,96,84,432721.1202956593,2022-12-08
667,46,354,399628.2715758763,2023-08-07
668,41,346,72514.56676673741,2022-11-07
669,23,207,52702.05116670324,2023-09-26
670,86,46,283361.97045096976,2024-02-19
671,91,176,269154.08366628387,2024-02-10
672,30,476,44047.41809976073,2023-02-27
673,8,412,407395.4615492864,2024-03-26
674,59,152,251116.446103863,2022-02-22
675,39,469,225123.5074655873,2020-09-14
676,30,234,24406.236323716483,2020-02-19
677,79,145,348504.54525335785,2022-09-30
678,18,121,482401.78152466915,2023-11-02
679,70,419,376443.36118182394,2019-11-11
680,61,484,40587.482483858854,2019-09-06
681,12,349,348726.6833268755,2023-06-26
682,95,198,140563.4717810108,2020-04-07
683,85,4,263473.3676371365,2021-03-29
684,94,23,177667.20885061385,2021-12-27
685,53,128,24672.876807760724,2024-04-21
686,7,389,376090.4434338554,2021-04-05
687,74,186,124054.57122008904,2023-09-20
688,20,6,230048.35844229985,2021-06-05
689,92,298,398219.8326784108,2024-03-16
690,84,456,396510.67764949356,2021-05-20
691,20,288,408356.6922834589,2022-07-07
692,58,412,371723.1117080421,2024-01-05
693,73,265,34792.174245060465,2021-09-11
694,87,190,351785.7856940186,2021-09-15
695,90,68,39023.00422980297,2023-07-17
696,54,470,319217.28338378906,2022-08-23
697,82,413,182062.22574940414,2019-04-29
698,56,405,398035.3139264174,2023-08-12
699,43,393,87782.82235637038,2023-03-06
700,82,464,426942.21018770436,2022-05-21
701,65,300,229689.8976511148,2020-07-30
702,94,194,482724.46532199165,2021-02-22
703,94,467,200235.2212796363,2021-03-06
704,80,197,172622.0408070941,2021-10-12
705,52,474,321203.52296343946,2021-03-16
706,95,30,263231.4287615998,2022-03-27
707,92,273,289714.25136560696,2022-01-27
708,33,333,225194.70069789837,2020-11-16
709,19,284,36913.43224681202,2021-02-08
710,64,103,168318.84973108995,2023-02-28
711,72,170,239548.53218498343,2020-05-31
712,92,375,453074.3528045154,2023-12-15
713,86,299,166575.2030814195,2021-09-12
714,36,423,305200.2971993851,2023-04-18
715,82,121,467181.1472110373,2022-11-09
716,24,132,160631.7273462327,2019-10-23
717,81,373,57661.28131242935,2023-03-26
718,38,314,147334.5755049306,2023-10-26
719,43,462,73539.81178733442,2024-03-06
720,40,400,304331.93105601263,2022-06-27
721,99,69,186986.71522409152,2020-10-26
722,25,491,291327.09057912574,2020-11-06
723,87,93,289885.1439605131,2022-08-21
724,18,463,361658.64421329903,2020-03-11
725,36,99,133151.3615506621,2020-05-31
726,50,177,312724.45503529115,2020-07-26
727,75,225,209190.98635965327,2024-03-17
728,6,291,116522.91968745943,2023-01-25
729,45,307,452860.1138367577,2020-01-22
730,75,82,452282.8257448771,2020-01-28
731,93,383,269073.4009277752,2020-01-13
732,16,18,491993.3161974557,2021-10-31
733,84,417,451253.6987638854,2022-01-06
734,100,202,303917.94684525015,2022-08-14
735,2,216,97360.25290357665,2023-05-15
736,51,428,350974.0562462494,2021-08-15
737,9,395,388119.1211177828,2021-08-11
738,18,203,470287.73403701535,2019-07-23
739,39,209,388599.7763058409,2019-10-11
740,95,109,458725.25743599475,2021-12-12
741,100,27,322495.2426249345,2019-12-30
742,5,24,256604.785990312,2023-11-14
743,31,99,102905.88780608775,2023-08-30
744,55,433,404480.42212681496,2019-08-12
745,15,452,260390.3014132311,2020-08-12
746,30,138,443618.16951172147,2020-02-12
747,85,295,482133.9122389652,2021-12-12
748,2,214,299766.64832235296,2020-08-04
749,65,241,359644.9178457922,2020-08-28
750,9,276,468548.18812504096,2022-01-15
751,95,280,70686.06502249406,2020-12-07
752,47,141,362286.95186876116,2023-02-27
753,77,228,311951.88644851814,2020-12-25
754,74,87,257087.69508441046,2020-12-22
755,20,372,154351.6893632767,2022-04-10
756,28,143,167800.30817616792,2020-02-02
757,21,421,366486.7000231649,2020-02-14
758,93,300,183457.31286347465,2022-04-05
759,90,295,268737.0702011995,2021-03-13
760,33,409,275028.48021711584,2021-11-16
761,59,232,436883.8052046071,2020-05-04
762,9,249,91628.91343661904,2022-05-15
763,34,238,11197.67658306277,2023-09-04
764,2,113,280647.58722917805,2021-07-04
765,32,371,272638.67041739105,2022-10-20
766,19,178,404755.15343165305,2022-11-29
767,65,150,118162.08262936446,2021-05-13
768,5,454,223619.59629906918,2020-01-28
769,54,142,75766.20559251147,2021-07-28
770,20,233,475707.66326963593,2023-08-20
771,29,409,107333.04462903427,2021-08-15
772,3,384,407328.2083551802,2019-06-20
773,35,246,275819.69976052194,2022-04-06
774,26,289,331867.6840331101,2023-02-04
775,44,143,351465.6169132484,2021-06-14
776,4,279,411971.949193158,2022-09-12
777,99,204,399524.2164269942,2023-04-09
778,81,465,375889.0015117009,2020-01-17
779,52,7,272123.76019778335,2021-08-05
780,90,409,206040.83411199978,2024-04-09
781,100,365,203937.84530734547,2022-03-25
782,11,279,149269.27240707236,2022-03-14
783,80,181,467039.322918086,2022-08-12
784,2,459,11591.147741193467,2019-11-09
785,24,191,324629.61967145896,2024-03-20
786,94,207,379698.6963992903,2020-09-10
787,7,148,448709.43432714674,2021-05-27
788,69,333,411216.09748538805,2021-07-04
789,20,392,151723.11339053625,2022-10-27
790,79,141,231619.29882644452,2020-01-16
791,32,477,55899.89273174395,2020-07-04
792,15,78,107408.09584983619,2019-09-25
793,15,229,199447.61122325744,2021-05-23
794,75,61,225566.7411475834,2020-03-06
795,53,313,273226.21850791597,2024-01-09
796,81,431,267410.6905232057,2020-03-17
797,17,440,417805.83082842734,2023-08-07
798,26,194,254413.2948097495,2019-05-02
799,47,107,423375.9275089069,2020-01-11
800,21,252,299193.42124282697,2022-09-25
801,65,396,218136.5414582054,2020-09-11
802,1,40,460063.12845689483,2022-09-12
803,17,351,398090.2280266801,2020-05-31
804,90,47,386026.33757599146,2024-01-04
805,19,74,394616.3055193373,2024-01-04
806,28,381,491993.8715860493,2021-03-31
807,55,159,451981.3534766685,2021-08-19
808,98,84,137300.57822497163,2023-06-28
809,74,174,336397.5423303489,2022-04-19
810,46,172,63603.995233430614,2022-05-09
811,23,80,105082.0709971222,2020-11-03
812,87,6,55678.964991027904,2023-01-15
813,91,425,379808.49742039834,2021-05-05
814,77,180,402866.3755413111,2023-03-16
815,27,452,90437.20034517368,2024-02-01
816,68,482,381315.30738707754,2021-06-02
817,51,97,407569.70055146585,2019-07-05
818,92,249,183930.34680359246,2019-09-09
819,46,160,32995.22835697605,2020-03-20
820,70,195,61472.47850637978,2021-05-18
821,20,308,110694.05994301583,2022-05-23
822,74,48,187144.90389694108,2021-02-26
823,46,448,53843.40500369922,2021-09-04
824,65,52,464557.51878636295,2021-12-01
825,73,264,39945.24157803955,2021-02-18
826,83,369,378575.6044542561,2021-12-12
827,25,16,62660.213408972486,2019-11-11
828,54,497,186391.40814357562,2021-03-07
829,77,364,222488.46082871925,2021-02-08
830,72,335,421065.1911272108,2020-04-08
831,47,8,409659.66832904203,2021-09-02
832,94,484,314769.78196483053,2022-12-09
833,91,108,426590.84095713065,2021-09-26
834,86,132,461986.5469223956,2022-06-13
835,50,447,64227.69486219043,2022-11-23
836,10,315,414306.7592599722,2019-09-09
837,30,296,407316.78474363574,2023-11-07
838,22,86,441782.0145189245,2020-04-11
839,43,215,341765.0382133748,2024-01-13
840,37,107,382235.46479815914,2022-03-17
841,16,25,177749.48852259933,2024-02-06
842,96,289,491890.6842007282,2022-04-29
843,3,147,270020.516515785,2022-09-24
844,86,25,288050.50986652763,2024-02-25
845,67,113,211335.29517108377,2022-02-08
846,37,425,293601.7755453748,2024-01-02
847,32,479,462155.5445978652,2020-04-28
848,89,495,203606.96746978982,2021-11-09
849,90,28,43882.52616852543,2019-12-29
850,99,29,198768.4741669749,2022-09-07
851,89,6,112487.09855277647,2021-12-11
852,63,295,340919.20869547676,2021-10-23
853,5,75,483360.4424980756,2024-01-20
854,53,208,158191.92441026695,2023-11-25
855,98,453,178561.72694530903,2020-10-26
856,43,142,482253.17214484897,2020-04-23
857,26,224,427693.52341890556,2020-05-10
858,92,39,436103.46480488277,2023-09-11
859,24,332,263305.6332546703,2022-01-15
860,84,437,85381.42072570881,2023-06-27
861,5,416,104850.97938669323,2022-06-25
862,36,214,31422.832335604133,2021-04-07
863,29,83,280360.77238767734,2023-11-08
864,75,136,100238.50158967102,2021-10-21
865,67,352,387498.5451360257,2023-08-27
866,56,244,80390.41214772701,2024-03-04
867,17,301,213765.578398441,2022-03-24
868,42,207,370967.97849232936,2020-03-08
869,95,53,29799.410720474123,2020-04-17
870,53,419,432975.27636521583,2021-02-04
871,57,37,454403.6888649678,2021-10-04
872,52,354,122171.26739381888,2022-10-27
873,95,373,412173.8681723572,2023-01-06
874,19,363,146089.87058415744,2020-05-03
875,55,140,46523.23019265992,2021-03-05
876,73,396,441104.09528275946,2022-06-19
877,60,89,108271.26422804047,2021-09-02
878,83,254,113002.36088832519,2023-01-30
879,44,219,123816.86363490028,2019-05-21
880,8,432,314171.67537316604,2023-02-09
881,53,67,165087.69358344868,2022-10-10
882,90,293,164488.9896235321,2022-08-19
883,85,147,45097.32696596663,2023-04-14
884,93,6,212464.8938929122,2019-10-20
885,60,151,321788.4290101133,2021-11-17
886,52,78,416330.07837427733,2023-11-05
887,66,443,454555.1057074373,2021-12-03
888,33,259,423062.94258864596,2022-10-16
889,92,274,127570.90599852911,2022-09-11
890,43,402,262565.8831915388,2020-10-22
891,77,53,131659.73214472708,2020-06-13
892,37,260,100363.07758137584,2022-09-06
893,18,93,28990.42916869028,2019-09-16
894,85,48,226518.7710823349,2023-06-13
895,19,491,395662.97521775396,2021-04-08
896,100,181,16245.344233906975,2020-05-04
897,97,138,72079.13311570275,2023-10-18
898,61,308,364814.33595748834,2022-03-03
899,89,342,143979.9963264243,2023-08-15
900,23,219,115784.89969227607,2020-04-07
901,2,22,18213.049872144544,2021-11-17
902,79,319,433539.53802699293,2020-07-16
903,44,12,455284.57332805684,2020-12-03
904,41,131,15633.357631812483,2022-05-24
905,50,319,77279.18751388801,2022-11-14
906,44,358,131618.71057960176,2020-12-14
907,96,484,126799.49526338879,2019-08-01
908,52,40,359806.3784043441,2020-10-01
909,71,230,170255.26102918474,2019-07-31
910,64,320,208712.47914686895,2019-09-20
911,61,376,162787.0125628503,2022-01-09
912,81,424,41367.67952817933,2023-12-22
913,32,53,86264.86061368347,2020-07-19
914,1,58,147438.1202343661,2021-01-18
915,89,375,230441.97482346694,2021-04-02
916,41,229,59079.48172927344,2023-05-04
917,8,147,206188.62914164914,2019-09-07
918,56,98,232422.34102862515,2022-01-11
919,72,55,427978.4383663315,2019-06-07
920,78,14,86920.58208353422,2021-06-29
921,4,267,181550.70404887828,2020-09-28
922,42,307,427094.4870382371,2019-06-13
923,37,404,420567.5171274434,2022-08-15
924,80,32,429857.30882979324,2020-04-07
925,36,414,393416.077405484,2023-12-19
926,19,170,44524.23137788027,2019-07-11
927,17,485,315305.8894172771,2019-05-17
928,58,453,282244.1796337611,2021-03-03
929,76,11,118586.99414998417,2022-02-19
930,94,453,322703.30080272775,2022-12-28
931,66,370,294896.6321861193,2021-07-20
932,63,316,389695.57491075475,2023-01-22
933,8,359,112724.89840548598,2020-12-11
934,64,275,164039.2966096635,2022-04-27
935,61,125,224548.20324660814,2021-08-14
936,48,312,181790.17493394716,2022-07-10
937,38,274,340260.26462261146,2019-10-23
938,19,293,326411.7365526469,2021-11-23
939,56,328,145218.54957815353,2022-11-30
940,14,67,328386.99040665035,2021-07-13
941,45,52,65723.66088668157,2022-05-24
942,57,379,376735.12509910786,2022-01-01
943,88,288,310982.5161220181,2021-03-11
944,85,382,95236.30121244024,2020-11-09
945,55,429,240384.3875491969,2022-09-19
946,46,412,25259.52129110151,2024-03-25
947,14,467,230832.97877196007,2019-07-08
948,54,460,73483.53226677075,2020-08-25
949,91,493,371221.19905723736,2021-10-09
950,16,437,370051.7188321786,2020-07-03
951,77,39,180368.07901650126,2020-09-05
952,39,160,55840.22655947915,2024-03-31
953,44,360,322987.3735720286,2022-04-08
954,6,69,357692.368356142,2022-06-18
955,37,479,288977.447228437,2020-02-19
956,38,335,205953.11842255728,2019-06-07
957,58,355,256638.21769835218,2020-11-10
958,66,420,362881.06781473017,2023-07-26
959,92,459,123875.99849270002,2024-02-02
960,54,341,241093.02952062336,2021-05-31
961,74,493,461326.96919556166,2021-11-21
962,6,188,40093.06858204355,2023-10-10
963,21,57,319891.4573081974,2020-07-22
964,68,344,321974.7519922783,2021-08-17
965,49,113,158521.0467244558,2019-11-25
966,58,321,47415.749933101215,2019-11-20
967,88,492,429252.6260259247,2023-10-28
968,99,448,333985.8755805295,2022-09-24
969,61,316,425790.5566372632,2020-02-05
970,99,324,181793.0923265206,2022-03-29
971,49,385,113866.79119809692,2023-12-27
972,67,45,433636.4166048137,2023-06-08
973,8,467,253543.72847800708,2020-06-07
974,30,222,136396.49087752422,2019-12-29
975,82,244,24043.138061561207,2021-12-11
976,20,366,450384.5772324483,2021-10-15
977,63,24,170779.46182257414,2023-10-27
978,20,2,427598.23380805826,2022-09-29
979,24,411,217117.78976339332,2020-10-27
980,59,447,217938.4422360075,2023-01-30
981,82,114,89137.31720792015,2020-12-08
982,58,97,496908.9244759366,2022-01-09
983,82,342,291266.40720366704,2022-05-17
984,53,51,279695.30733909307,2023-10-11
985,43,250,104252.28686447602,2020-02-19
986,15,310,183552.58108835027,2024-02-02
987,68,69,26991.001724789985,2024-01-29
988,9,481,324447.72431302944,2021-03-25
989,96,85,309798.4833744559,2021-12-13
990,57,71,282279.8042718867,2021-04-18
991,50,178,241961.6487363635,2024-02-08
992,34,406,309950.84535575804,2024-02-19
993,86,414,334520.89640786423,2023-03-28
994,28,147,84184.53391002025,2022-11-15
995,72,373,273169.53599209705,2023-10-01
996,19,383,397245.34809632675,2022-10-16
997,100,59,475909.25334543333,2019-12-22
998,30,403,111323.3612030874,2020-02-18
999,85,88,256368.22485047716,2021-12-01
1000,41,358,122458.09072764954,2022-01-18
1001,66,67,484837.5233408298,2022-03-29
1002,5,349,331296.4112764862,2020-12-13
1003,92,30,435364.5196834081,2024-01-29
1004,66,226,223570.5148832047,2020-11-09
1005,45,86,272185.5425760572,2019-10-18
1006,70,247,199131.47761072352,2023-01-21
1007,41,258,405606.4009604674,2020-02-29
1008,67,441,230360.69694807194,2023-08-25
1009,41,391,35745.67221370668,2024-04-05
1010,69,40,235976.7955851531,2019-07-16
1011,56,413,431260.4178378469,2020-06-09
1012,14,196,240023.41298746975,2021-05-07
1013,66,286,311777.4735926638,2019-09-01
1014,13,464,462313.82243788487,2023-09-14
1015,89,136,200680.32463747417,2019-06-11
1016,42,38,180793.14694398167,2023-05-18
1017,66,129,357436.13876278116,2022-03-30
1018,24,429,278032.6750486217,2019-07-17
1019,53,231,256849.58909305476,2024-01-13
1020,82,63,487180.0816640444,2022-01-06
1021,96,478,416542.2124719818,2023-09-08
1022,10,19,454937.3169564643,2022-02-08
1023,57,120,214208.01503125977,2023-12-22
1024,46,148,479339.250917414,2023-12-28
1025,24,290,404323.88837706944,2022-07-03
1026,48,5,361505.7177814335,2022-10-02
1027,2,19,408207.1495754614,2023-08-27
1028,86,357,355784.71112638596,2022-06-25
1029,98,55,226772.71145935534,2021-06-05
1030,71,110,219181.23149138357,2020-05-25
1031,42,353,360547.97684023913,2022-09-01
1032,66,302,126097.77687839544,2020-02-01
1033,6,195,149879.70463860277,2019-05-10
1034,11,206,95774.43741549144,2021-12-13
1035,43,456,286030.00640654424,2021-05-23
1036,50,118,422834.5934290027,2021-08-29
1037,21,400,86294.98306406595,2020-12-06
1038,41,144,353011.7172141458,2023-10-17
1039,39,464,215355.43992796968,2019-11-29
1040,73,232,148018.10979129083,2023-07-13
1041,61,480,36150.393174766636,2020-04-22
1042,60,56,311863.00639565324,2022-09-21
1043,21,481,56336.09994988459,2023-09-14
1044,16,184,64657.59201417911,2023-02-11
1045,57,106,33759.13750867342,2019-06-27
1046,14,341,271370.1023922932,2021-12-06
1047,46,159,381239.9892804369,2023-05-23
1048,18,76,261714.87723936164,2020-07-08
1049,46,99,213941.77735959363,2019-09-29
1050,4,410,129045.19041309631,2024-03-03
1051,95,51,476721.3000182984,2022-07-13
1052,2,262,333133.2865489163,2023-02-19
1053,16,486,406372.49700905936,2021-02-24
1054,80,437,10786.614456297537,2022-04-27
1055,93,443,355017.82451689284,2022-03-17
1056,76,145,261099.02884007347,2019-10-08
1057,16,367,89430.34746350833,2020-04-29
1058,8,158,385795.1609470294,2022-03-23
1059,3,225,481960.30077633815,2022-08-06
1060,2,475,70461.0820593301,2023-12-09
1061,62,112,73781.24710157962,2020-03-02
1062,42,34,115191.98716338264,2022-08-24
1063,15,188,120475.79409001839,2021-06-20
1064,29,11,22536.518564262296,2021-06-03
1065,66,52,196287.55354992097,2019-12-23
1066,55,402,302125.44560623035,2021-04-12
1067,49,124,344646.4860381292,2024-03-21
1068,87,117,340114.18141243415,2019-05-07
1069,63,193,446549.9903887897,2021-06-15
1070,46,77,197745.82487690457,2024-01-16
1071,17,456,433753.4663175887,2022-07-23
1072,17,109,41467.90463761085,2021-11-12
1073,41,86,159724.58175003005,2023-09-22
1074,26,245,412093.4690621625,2021-06-03
1075,54,396,216476.62256187884,2021-07-29
1076,99,76,281115.93770543655,2024-02-29
1077,68,374,455396.5741048195,2023-04-01
1078,29,208,126031.22022088275,2021-11-03
1079,61,6,421102.3713703909,2021-01-24
1080,66,388,102396.38445955676,2023-04-04
1081,81,272,388167.90772914566,2022-04-14
1082,75,491,340041.31378465006,2022-11-23
1083,67,451,488806.96355885704,2020-09-07
1084,35,115,252938.6092634163,2021-02-03
1085,55,192,405930.6330999532,2020-07-28
1086,96,97,398828.49058675574,2023-02-15
1087,41,149,466054.5353603759,2024-01-28
1088,23,461,23546.4631442104,2021-12-13
1089,80,203,92326.66938881863,2022-08-23
1090,54,415,251772.09548042488,2021-02-15
1091,68,457,15570.7136637953,2020-08-05
1092,49,287,421821.14115450426,2021-10-29
1093,54,452,61101.20375582408,2024-01-28
1094,85,322,56837.46962230475,2021-03-10
1095,61,93,64884.75241045768,2020-02-21
1096,52,385,144209.69415757174,2024-02-05
1097,41,218,472603.28504437814,2023-02-09
1098,76,307,362765.99513779307,2020-08-19
1099,69,95,339779.8324950961,2020-05-07
1100,90,261,356900.6476769898,2021-04-25
1101,69,308,76120.14953905709,2024-03-24
1102,43,424,361757.7731242194,2019-06-09
1103,31,13,385458.08848537493,2021-11-26
1104,90,48,67515.01297428658,2022-11-09
1105,51,251,410754.27234499116,2023-07-05
1106,52,416,40288.50002211303,2019-09-15
1107,59,63,338367.6311089969,2019-08-26
1108,75,428,398346.921583943,2019-12-21
1109,97,286,396521.53540752793,2019-05-22
1110,15,398,82485.14539047974,2023-01-10
1111,72,59,82245.78876751123,2019-10-08
1112,73,45,400346.4638800164,2022-03-05
1113,22,88,387944.82410396397,2020-06-10
1114,67,426,34096.79440603891,2020-02-22
1115,78,126,322250.98901654687,2022-11-21
1116,95,364,415913.2289099657,2020-08-19
1117,32,201,279996.45839555043,2023-05-01
1118,17,211,461171.0237872348,2022-01-01
1119,27,1,258605.95679753553,2020-10-22
1120,75,223,203047.73835077148,2019-07-28
1121,16,89,200410.26637355634,2023-06-08
1122,89,146,398247.6225933426,2020-03-01
1123,14,446,237440.66191852483,2022-11-21
1124,38,251,357218.22262660175,2021-03-05
1125,97,143,405398.5978952399,2024-02-07
1126,35,92,492057.1589594126,2020-01-09
1127,4,278,261685.9503109576,2019-06-24
1128,12,451,335567.05700694234,2024-01-27
1129,9,344,240062.8457156924,2024-02-06
1130,62,78,371553.43875477253,2023-03-07
1131,57,87,424748.6811546413,2020-08-09
1132,93,379,221125.63192512968,2024-01-31
1133,54,83,220111.29585631212,2022-07-13
1134,4,250,394363.7790991177,2021-06-03
1135,86,168,252152.24661365108,2021-10-31
1136,16,289,391995.7222730427,2019-08-05
1137,57,168,242626.8964945466,2023-04-19
1138,75,347,74337.38490704601,2020-05-22
1139,5,96,265124.55681453773,2022-07-13
1140,61,397,396607.51652797457,2024-04-12
1141,41,34,104170.04923352452,2019-05-02
1142,71,219,481753.8241636626,2023-03-17
1143,86,215,163958.84886076162,2020-10-07
1144,56,407,477813.3042921694,2023-12-08
1145,47,307,43804.96895487653,2020-07-17
1146,96,430,434382.8253449221,2019-07-01
1147,49,148,81869.55651801237,2020-03-31
1148,100,270,397918.26928038034,2022-10-14
1149,19,74,404212.5268751172,2022-10-12
1150,45,449,318409.58086812147,2023-08-15
1151,69,99,325486.25419723,2020-05-10
1152,50,315,257453.33169416743,2019-09-17
1153,74,194,299529.15231857594,2022-04-17
1154,72,307,49080.47837112042,2021-03-05
1155,36,302,50353.815201335085,2023-01-01
1156,90,451,294560.92691215005,2021-03-17
1157,38,492,60988.710782649956,2020-09-10
1158,41,464,433053.54397738253,2022-06-20
1159,23,485,53311.96858911877,2020-01-14
1160,89,55,386292.91869766277,2020-11-25
1161,3,282,122235.80559992784,2022-10-30
1162,11,118,257240.3506390383,2020-01-12
1163,78,60,351857.2675530079,2022-09-16
1164,33,255,352712.75962023984,2021-02-06
1165,79,73,336694.9952624197,2021-12-11
1166,11,427,208333.68456406222,2023-10-11
1167,60,330,326430.3323469206,2021-09-15
1168,91,140,454372.5490019353,2022-02-13
1169,43,357,273658.96707627655,2023-08-01
1170,3,86,478633.6251325364,2022-02-18
1171,33,435,52243.58282901425,2019-09-04
1172,91,221,356124.9880771652,2020-08-01
1173,97,500,416471.90512278996,2023-01-20
1174,95,322,493732.54394149233,2020-07-23
1175,20,267,304375.0077819841,2021-01-06
1176,2,227,159786.8426862352,2023-08-10
1177,56,425,10861.281927999833,2021-09-09
1178,48,105,381492.32395084505,2023-01-06
1179,68,491,307260.83066496544,2019-06-18
1180,42,494,100321.46942258299,2023-06-09
1181,68,10,357615.5904548038,2023-09-23
1182,20,458,429847.62202393595,2020-07-07
1183,31,234,462828.68388430215,2021-07-01
1184,9,112,297236.8826260511,2021-05-28
1185,92,355,226249.36167380403,2024-04-28
1186,33,283,289738.1092102754,2020-03-09
1187,35,428,283962.8408276005,2023-10-28
1188,71,277,154405.12229700736,2023-11-04
1189,17,162,18903.601695086116,2022-09-11
1190,71,169,296538.5476256504,2021-12-24
1191,48,8,293202.51298828033,2019-12-03
1192,42,372,208139.324035241,2023-06-16
1193,64,25,30893.708849143663,2023-01-26
1194,38,433,420727.2957834988,2019-12-07
1195,77,79,289264.0049527151,2020-10-17
1196,8,468,47973.243277722075,2022-12-07
1197,43,330,413760.54574311693,2020-02-03
1198,12,480,250706.14003387035,2022-10-11
1199,35,397,322821.51168849156,2020-10-03
1200,50,68,412689.6846672196,2023-10-01
1201,91,66,358445.15798326326,2022-05-06
1202,81,379,105085.24690031889,2019-11-19
1203,65,498,235963.02660036428,2022-04-07
1204,75,21,80264.29196321966,2020-12-04
1205,46,350,197122.1658793884,2024-04-25
1206,83,172,317037.12244276487,2023-10-02
1207,92,86,456862.69896643265,2020-02-08
1208,27,394,400754.9300158707,2023-08-24
1209,30,161,484825.3435761189,2023-12-07
1210,21,97,354472.6857662032,2020-06-19
1211,99,210,53683.30095404032,2021-12-05
1212,33,473,77628.545006015,2021-04-01
1213,95,140,443631.6832407319,2023-04-10
1214,82,464,134880.30460387567,2022-09-02
1215,26,382,494353.7466097208,2019-07-12
1216,20,152,131799.95382675144,2023-01-03
1217,42,142,307161.00106585986,2019-06-07
1218,65,463,283866.2647736912,2020-10-21
1219,72,466,396316.9247008769,2022-06-12
1220,48,196,389442.9829897894,2020-05-09
1221,19,283,134052.64607032633,2019-07-05
1222,57,94,419774.65475089476,2020-04-11
1223,37,77,364181.8111648088,2022-03-27
1224,95,490,240774.15860259536,2020-12-09
1225,54,154,247702.2174807478,2023-05-21
1226,49,464,181089.18411606317,2020-12-20
1227,79,487,47094.64702477143,2019-07-12
1228,75,252,24501.003055356203,2019-12-02
1229,17,459,364328.25963136693,2020-12-10
1230,10,443,236330.03497490572,2022-12-26
1231,11,456,219063.0972979678,2020-11-14
1232,83,216,405053.41632180073,2023-09-27
1233,45,481,108309.98108182805,2022-01-31
1234,58,427,196868.79672722673,2023-03-27
1235,92,465,210565.82391236981,2020-04-15
1236,84,404,402057.8716754477,2023-08-20
1237,93,436,237152.3440378006,2023-09-02
1238,26,271,128025.99813431548,2023-08-19
1239,98,200,330591.50812293123,2023-12-15
1240,28,243,485729.91431837145,2022-04-27
1241,42,427,148823.65412556293,2023-06-19
1242,91,100,119187.09348679896,2020-09-20
1243,1,385,262553.88995044347,2023-05-26
1244,7,211,71837.21994566708,2020-01-03
1245,24,307,290775.06630712096,2021-09-10
1246,16,202,49704.334587046214,2022-09-16
1247,60,4,467417.15997432254,2021-07-05
1248,92,125,286425.70097834774,2023-03-27
1249,34,3,411174.48702047154,2022-04-29
1250,20,64,489168.6570432698,2019-09-01
1251,92,341,443344.5536201552,2023-07-14
1252,2,390,114177.98939323606,2019-11-18
1253,46,230,123341.8646865371,2024-01-17
1254,16,1,450190.33951735176,2022-12-24
1255,89,146,461182.33374181733,2021-06-04
1256,97,466,174493.8419627808,2021-06-07
1257,21,306,70317.35225791935,2022-08-15
1258,42,288,416837.9401030102,2022-07-16
1259,5,362,318649.27086932235,2019-08-20
1260,12,59,138338.0818569996,2021-01-15
1261,87,177,305988.0573393139,2021-11-14
1262,20,386,261032.98102452036,2020-07-13
1263,42,373,278061.28388898575,2020-05-08
1264,99,212,12105.95659594852,2020-06-13
1265,18,384,311284.074887522,2019-09-25
1266,2,271,241558.0230823107,2022-09-25
1267,69,362,285269.94232281536,2023-10-20
1268,28,56,153324.16365066476,2020-09-17
1269,28,337,41347.23981196807,2021-10-02
1270,30,222,344368.3136283483,2021-12-11
1271,13,19,406768.45979727816,2022-04-09
1272,26,306,61283.84237396483,2020-05-15
1273,80,148,293865.3105144141,2020-07-22
1274,52,449,299261.4853538723,2022-02-18
1275,3,288,246280.96296073686,2021-07-06
1276,58,120,496759.7506630603,2020-11-27
1277,95,241,388378.5927296354,2020-02-01
1278,48,168,466773.41014109866,2020-02-25
1279,12,475,209227.73110688146,2022-11-28
1280,35,404,96444.08441189467,2024-03-27
1281,27,415,98706.45924464612,2019-12-28
1282,37,294,456685.85302184685,2020-12-14
1283,22,37,197761.82256117527,2021-05-30
1284,83,345,395899.69854300626,2019-05-21
1285,100,139,284431.64466536284,2020-05-03
1286,47,411,469193.86830765824,2024-03-12
1287,69,497,17892.510752738257,2024-02-06
1288,42,345,432949.5101824801,2021-09-02
1289,61,421,77621.25110204307,2023-07-26
1290,100,278,480018.99692212313,2024-04-11
1291,27,402,301044.7976699486,2021-09-15
1292,37,146,371076.401992358,2021-11-12
1293,24,195,498975.03759653436,2023-09-15
1294,47,47,421528.2114532967,2020-12-02
1295,96,272,53134.13462702334,2020-03-28
1296,73,197,47240.30114641176,2022-11-16
1297,19,422,269661.4945251249,2021-10-04
1298,25,148,360149.80939076055,2023-08-15
1299,45,447,331858.8713507831,2022-08-25
1300,85,113,402896.63384545036,2023-11-19
1301,59,116,249181.07657240817,2021-08-02
1302,1,261,190899.0371248867,2022-11-15
1303,42,113,219380.04855469335,2021-06-23
1304,65,262,101500.41699125277,2020-08-08
1305,54,429,44472.59559954821,2022-05-01
1306,19,133,327355.9883891261,2023-05-15
1307,49,166,304245.9521595041,2020-12-17
1308,97,414,113058.15607654842,2023-08-27
1309,70,53,458589.8469056532,2021-07-23
1310,32,57,18398.399310548502,2021-09-25
1311,51,155,296027.29761439556,2023-09-22
1312,73,495,178878.03287912701,2019-09-05
1313,31,149,492889.3819305866,2022-08-17
1314,18,445,60108.83553305948,2019-06-16
1315,11,359,441923.1550639288,2023-03-18
1316,46,39,67518.04523286624,2022-05-25
1317,96,428,150763.52151057933,2023-12-17
1318,11,474,386633.51737307495,2020-12-03
1319,39,394,104002.86536410952,2021-07-21
1320,8,34,451466.0967753397,2022-12-10
1321,8,252,480153.1042606555,2022-01-11
1322,41,346,400147.5922421763,2021-02-11
1323,93,143,340982.7870563399,2019-07-24
1324,7,366,480111.1478975605,2021-08-25
1325,44,271,483779.98273501295,2022-03-19
1326,91,275,323028.46885613084,2021-07-26
1327,64,326,195083.38361147526,2021-02-14
1328,63,208,272746.3186451148,2023-01-28
1329,76,13,242491.54537749558,2024-01-02
1330,68,321,344421.7446165494,2019-08-08
1331,42,271,443860.29143299256,2022-05-11
1332,27,316,413587.20491802343,2021-04-09
1333,46,64,141420.58614945138,2020-01-12
1334,78,168,43118.96823849635,2022-02-25
1335,32,137,17003.27424297372,2023-01-29
1336,67,363,69699.8085264715,2022-02-23
1337,12,228,191395.8005551071,2023-02-28
1338,32,433,157768.47746889293,2022-08-25
1339,15,199,240256.7469985869,2021-09-29
1340,61,374,331247.0028922359,2023-07-15
1341,83,263,330217.62476759875,2021-10-12
1342,36,4,57677.593884606875,2022-05-25
1343,16,321,395529.15239446185,2024-01-07
1344,51,310,437669.32111402514,2020-07-14
1345,57,470,201031.97832497244,2022-07-31
1346,94,68,181677.37368283275,2021-02-08
1347,77,334,23909.200329382795,2019-06-13
1348,61,339,389454.9184827541,2021-01-02
1349,62,21,100361.54668551109,2023-12-31
1350,42,92,325370.4050222013,2021-10-18
1351,65,291,12132.175785506932,2019-09-10
1352,64,261,163354.09248788247,2021-12-18
1353,37,365,117766.5578866808,2022-11-13
1354,2,365,214151.16002899018,2020-03-16
1355,49,221,117088.26755686478,2023-11-29
1356,66,123,122964.87293721225,2020-12-23
1357,8,300,183029.50278444221,2024-03-17
1358,25,201,314706.19858862535,2020-12-20
1359,9,246,31443.005110874776,2022-05-02
1360,67,174,301694.71423172683,2022-06-29
1361,88,200,349099.13038193766,2023-11-18
1362,48,371,40230.28306361353,2022-03-25
1363,37,166,248506.663160184,2021-03-29
1364,30,416,51472.92736226341,2020-01-15
1365,67,110,309152.08623181994,2021-06-03
1366,81,394,246960.12967915836,2020-02-08
1367,2,353,136423.78097419685,2022-12-19
1368,44,298,233371.4749208281,2022-04-15
1369,54,388,455955.83491067664,2023-12-24
1370,2,326,110862.76481199905,2019-11-02
1371,94,434,211364.8398652641,2020-11-04
1372,75,489,124899.28818268505,2020-08-05
1373,45,203,378921.89346155256,2023-04-10
1374,64,344,421333.53297350236,2019-06-17
1375,74,27,166097.15816195804,2024-04-07
1376,68,294,131982.47381176,2021-02-05
1377,20,281,210226.45282606306,2020-06-25
1378,40,249,162717.78487854177,2024-02-01
1379,2,255,184840.2453774289,2023-10-25
1380,51,127,330328.0572194322,2023-01-15
1381,42,265,486269.6342644151,2023-09-17
1382,81,68,121768.40919855933,2022-03-16
1383,25,483,163210.5541046235,2023-03-24
1384,29,434,321214.3800517172,2023-02-21
1385,81,71,491318.77101733006,2020-09-25
1386,89,189,449390.8809740127,2022-02-11
1387,46,333,407470.9901149616,2020-09-27
1388,30,172,204436.12795591392,2022-05-11
1389,94,144,330930.5891085851,2021-11-26
1390,21,92,124575.65801010375,2019-08-11
1391,20,244,226254.24436397292,2023-07-21
1392,74,296,282742.33831312764,2023-10-03
1393,79,125,435288.9659793672,2023-01-11
1394,89,40,305956.2564305764,2021-12-25
1395,75,179,235318.184227791,2021-08-18
1396,83,337,461187.6640522459,2020-01-20
1397,16,302,184840.4444003398,2022-10-29
1398,28,351,142379.56606871868,2021-02-10
1399,29,390,220617.16429754568,2023-07-10
1400,38,94,454841.1191333068,2021-09-29
1401,20,151,457192.4551470012,2020-09-28
1402,78,184,140279.28415346408,2023-08-09
1403,83,331,254969.53192605102,2020-12-04
1404,81,75,357164.34480708954,2023-12-29
1405,93,31,286472.32254203694,2020-09-22
1406,33,331,50761.01802106131,2021-05-18
1407,100,474,442852.3886419269,2020-09-29
1408,45,217,113427.29233162012,2021-03-08
1409,16,35,26688.18823205036,2023-03-03
1410,17,174,88492.33037110958,2020-07-19
1411,70,476,250785.94644029072,2024-04-09
1412,3,207,165902.22304431433,2023-03-31
1413,19,470,20654.71511357946,2022-08-02
1414,84,280,83580.67723334022,2020-10-08
1415,79,79,75019.48466080803,2024-02-22
1416,78,206,393868.12399273814,2019-12-21
1417,2,126,315426.67985663394,2022-05-08
1418,98,419,79578.77229425457,2021-06-20
1419,71,100,492071.02287589025,2021-06-20
1420,70,164,11097.792367515125,2019-07-28
1421,80,275,30315.143438666204,2023-09-09
1422,86,264,223784.02754864006,2023-12-04
1423,81,110,137699.4590081828,2024-02-16
1424,23,253,68836.70080832648,2023-06-28
1425,92,12,148202.16475515356,2023-06-12
1426,66,106,315716.2593012321,2022-03-20
1427,47,28,403331.41485354153,2023-02-22
1428,100,428,332990.06320736755,2022-12-04
1429,71,233,303852.8714889054,2020-09-04
1430,12,430,110440.77696643578,2022-04-03
1431,51,211,156920.92594642565,2024-01-05
1432,98,173,451427.8268100604,2022-10-10
1433,34,339,245081.912348105,2020-07-29
1434,87,409,392789.21421492257,2023-05-03
1435,13,108,90201.37493155185,2020-03-24
1436,3,453,161877.48086631414,2020-07-16
1437,55,351,20444.937570486232,2019-07-28
1438,33,289,139309.96635260043,2022-04-26
1439,23,140,370167.07055057265,2021-10-23
1440,9,227,187452.30050892147,2022-03-24
1441,31,96,57729.89976512102,2023-01-23
1442,67,226,230979.3164862836,2023-02-04
1443,10,335,205448.07129583092,2021-10-31
1444,55,336,391221.03224372084,2023-05-20
1445,30,36,497249.91186932736,2021-05-14
1446,41,169,68322.57129121592,2022-03-31
1447,49,121,432018.8521429545,2020-05-30
1448,7,293,281236.67335128994,2023-03-09
1449,42,428,73837.54851534417,2022-08-10
1450,51,204,16429.023217545902,2023-02-24
1451,3,334,359897.96812976454,2020-07-17
1452,83,464,277217.1214520151,2019-11-08
1453,85,342,391836.53543824295,2021-04-08
1454,25,426,363831.79624419654,2021-12-04
1455,92,177,439449.3989717638,2019-06-09
1456,90,314,25686.620266893333,2019-05-18
1457,19,328,384514.42244606494,2023-06-15
1458,41,451,311603.92359782854,2020-01-26
1459,91,288,422844.990644978,2019-12-11
1460,63,55,356407.5146113646,2019-06-16
1461,92,285,373067.79534560535,2023-03-02
1462,10,331,253489.02491221527,2022-05-23
1463,60,361,352006.3773879385,2022-07-11
1464,55,378,348356.6524597775,2020-11-07
1465,36,327,242961.12674381913,2020-02-19
1466,28,23,64656.455222216086,2023-04-10
1467,83,57,168122.21069819437,2022-03-22
1468,80,148,92912.38877124467,2020-02-05
1469,66,430,155313.76705986314,2020-09-20
1470,63,202,462629.6921209614,2021-10-15
1471,40,382,313887.19026959775,2019-12-16
1472,98,141,489529.9770940151,2019-10-06
1473,1,72,315208.81240945146,2020-03-29
1474,6,211,368488.53670882824,2019-09-05
1475,85,135,280176.654668989,2024-01-03
1476,36,494,195204.45249882925,2023-09-27
1477,87,141,81634.8295135856,2021-05-10
1478,78,68,113638.34810221664,2020-08-02
1479,37,133,412388.8602216408,2023-06-15
1480,63,340,101353.4733703701,2023-02-09
1481,62,463,283995.9692413551,2024-01-06
1482,48,379,263251.75837460335,2021-10-08
1483,21,290,74416.76650136753,2020-02-06
1484,12,148,351467.20764788054,2024-01-01
1485,93,286,102846.81878459189,2022-01-02
1486,64,429,175889.06716255075,2022-12-18
1487,71,497,422629.9151004989,2021-02-06
1488,86,137,199488.75946369785,2022-05-21
1489,22,132,129452.54736365739,2023-08-23
1490,55,45,339586.73059279594,2022-06-24
1491,73,39,430038.1050705176,2020-04-07
1492,70,292,137191.39207049727,2019-08-10
1493,52,359,395885.3509778789,2024-03-23
1494,16,207,304867.93034331774,2022-06-23
1495,99,29,92028.67920783884,2024-02-06
1496,10,393,308532.4538128089,2022-02-18
1497,77,359,320106.72714745265,2021-01-26
1498,28,182,260389.9200494039,2022-07-01
1499,21,131,164407.19207090023,2021-10-05
1500,55,185,287294.8184575905,2020-06-13
1501,88,155,214264.2004026234,2022-05-28
1502,13,318,486641.71369124757,2023-11-27
1503,96,113,61218.89763520484,2021-04-05
1504,5,78,400401.9619459554,2020-05-27
1505,85,335,39484.635652323384,2021-04-12
1506,77,486,484924.04572295316,2020-02-28
1507,31,331,247027.398794387,2021-03-08
1508,99,134,361142.1140813565,2022-02-24
1509,90,237,42314.47569444087,2021-03-04
1510,99,368,315504.84025502537,2021-05-31
1511,65,350,15610.807670684018,2021-09-15
1512,96,472,344129.51170789683,2022-10-25
1513,12,175,155063.3729213332,2020-11-28
1514,52,52,276771.5013636504,2020-11-15
1515,85,243,336607.7620061154,2019-08-26
1516,77,25,327883.63775984856,2020-09-29
1517,38,124,153802.29784803028,2022-07-11
1518,8,484,142019.28598835642,2020-06-26
1519,12,290,375409.12495388393,2023-10-08
1520,18,240,139871.39925985306,2020-05-07
1521,6,48,123472.66692899025,2023-04-03
1522,57,268,455390.9690046494,2022-10-02
1523,33,275,172031.85357450935,2022-06-25
1524,52,193,442127.6334752334,2021-01-28
1525,87,474,251815.60717686036,2022-01-18
1526,57,48,478313.165921955,2019-04-29
1527,13,199,323161.57230903517,2021-01-30
1528,11,38,350434.41819536075,2023-04-23
1529,46,400,291853.29731816356,2024-01-08
1530,73,6,115344.56841767962,2022-07-30
1531,5,444,228709.71838416817,2019-08-30
1532,7,205,192504.70804546124,2022-03-27
1533,19,34,242357.22548196642,2019-12-27
1534,81,447,62307.687869702684,2022-11-27
1535,26,362,173568.09984742352,2020-07-28
1536,59,113,232492.42515641853,2021-06-18
1537,81,198,200286.16317529557,2021-10-19
1538,37,199,376606.61769735266,2019-11-09
1539,76,98,56376.56209440947,2022-01-31
1540,71,417,404754.8914573467,2019-08-23
1541,80,440,321766.57499212876,2021-07-19
1542,95,289,409160.106304824,2021-09-07
1543,44,253,313278.53020009183,2019-07-11
1544,27,443,115975.89956629269,2019-12-10
1545,60,171,163962.14700067297,2020-04-15
1546,50,372,27728.0267575689,2021-04-12
1547,53,319,237836.95173059392,2023-07-27
1548,59,268,58074.237531328574,2024-04-10
1549,100,498,193630.79070969956,2022-09-26
1550,84,339,454545.19759212376,2019-05-27
1551,33,280,89202.87873872643,2023-06-05
1552,43,321,155494.68414194896,2022-01-23
1553,18,160,347258.49751404976,2022-09-07
1554,36,27,326230.6574310019,2023-03-17
1555,80,214,323181.216286189,2022-09-26
1556,6,306,396884.6549161432,2023-12-04
1557,19,291,207260.86768865108,2020-05-30
1558,56,236,454036.30363198504,2023-11-09
1559,39,490,479828.3044301857,2022-01-14
1560,99,70,370164.80315226334,2021-03-24
1561,90,443,453035.6200998347,2021-01-24
1562,95,301,346623.45694863313,2022-02-12
1563,67,279,282535.9765441667,2021-10-26
1564,90,115,327181.06143225223,2019-07-30
1565,97,299,393302.53393202514,2024-01-03
1566,77,255,258998.3729980252,2019-06-30
1567,3,482,400827.96644149034,2023-12-16
1568,16,395,121275.89259602853,2023-02-09
1569,18,284,349444.4016604592,2021-11-07
1570,31,437,486733.61585591524,2023-12-25
1571,76,168,363802.8850114572,2022-01-16
1572,79,81,17401.523881388377,2024-03-12
1573,96,316,242562.28863376754,2021-05-30
1574,86,452,45173.11269518811,2020-04-17
1575,52,93,142944.42972464254,2023-05-24
1576,3,353,141998.0170500012,2023-02-04
1577,80,259,117673.91513655198,2019-05-01
1578,33,484,271320.81925387005,2020-09-25
1579,88,401,464977.5650221795,2020-03-23
1580,25,26,168564.34241812292,2020-01-27
1581,3,494,284836.8902354075,2020-08-07
1582,94,450,56087.78665546411,2021-11-30
1583,98,401,311439.84943622,2022-04-27
1584,68,426,205321.06405088457,2021-01-04
1585,97,41,360115.5182918475,2022-01-17
1586,99,186,177685.3922571057,2023-08-06
1587,13,437,57752.82215499175,2019-10-23
1588,15,239,378234.12291045516,2020-01-21
1589,63,298,105676.73113798047,2022-01-29
1590,49,369,207970.23995491216,2021-01-13
1591,24,201,209112.85903768067,2020-02-05
1592,58,410,102269.34905713356,2022-05-06
1593,38,44,34488.46146323538,2020-03-20
1594,80,97,47464.02048427475,2024-04-16
1595,42,485,162016.89530125144,2019-07-26
1596,80,98,414305.79669204954,2019-12-27
1597,97,317,449497.3361589616,2022-02-05
1598,48,271,19904.581001164508,2020-05-29
1599,34,392,454738.1545104463,2019-06-08
1600,10,439,490755.56592834106,2019-05-21
1601,43,200,218073.12908849248,2019-08-25
1602,90,289,354992.6111920734,2024-04-13
1603,97,268,215394.34336646218,2021-01-31
1604,22,96,296779.3773532775,2019-09-18
1605,79,251,230406.0641117567,2022-12-02
1606,67,209,483972.2435148112,2022-07-22
1607,28,188,429703.2724991859,2021-08-19
1608,75,12,199691.05491598643,2023-11-07
1609,70,248,222080.62098240358,2020-02-04
1610,98,80,205280.93248921158,2019-07-06
1611,73,247,343975.4347154873,2022-03-31
1612,23,470,413012.4631931116,2020-10-02
1613,45,3,292171.06714792206,2019-12-09
1614,36,311,242685.32660261795,2019-11-06
1615,68,251,481246.22050447477,2019-09-11
1616,65,359,450625.18203870906,2022-02-27
1617,82,238,67186.5081187,2021-02-22
1618,99,347,417862.9409914968,2021-05-10
1619,96,306,246307.2940607873,2020-07-12
1620,100,216,216546.88511106974,2023-01-19
1621,56,78,49164.62021464874,2019-09-22
1622,30,353,313244.60417712934,2022-06-26
1623,88,347,483480.57387811184,2022-02-05
1624,92,113,215388.59176694835,2020-07-12
1625,70,33,143630.00894482707,2022-11-23
1626,56,231,387910.2898389505,2021-12-05
1627,73,492,394656.9202161895,2022-09-10
1628,71,151,75549.71737460118,2021-03-17
1629,29,164,324443.70648601354,2023-06-18
1630,58,346,165370.87471960916,2021-08-02
1631,53,99,217005.81707999518,2023-10-20
1632,56,154,406966.58727676165,2021-12-28
1633,39,114,61065.108558751606,2022-04-27
1634,74,412,470445.1779007867,2021-12-04
1635,76,452,94476.20967249291,2023-05-19
1636,94,246,243966.27166874902,2022-09-07
1637,17,303,168220.16969238123,2019-10-07
1638,49,264,389490.3221955698,2021-05-08
1639,16,440,453476.0220994449,2022-04-05
1640,10,319,462851.50516166206,2023-09-02
1641,33,443,26772.930505310796,2022-09-07
1642,92,27,449931.6969595767,2022-08-02
1643,68,454,264841.23136702593,2020-04-04
1644,82,245,99472.47243032044,2020-06-02
1645,40,122,17740.02549982353,2022-11-13
1646,8,70,490745.9349419735,2021-06-13
1647,15,491,497355.68214792374,2022-02-10
1648,29,369,207867.48381577362,2022-07-11
1649,96,185,121498.06301369678,2020-03-01
1650,84,442,40150.80019597836,2019-04-29
1651,8,232,377379.93144232,2021-05-26
1652,32,283,284238.71394204814,2021-01-27
1653,83,105,412635.723252669,2024-03-28
1654,37,328,35957.838071099344,2022-02-01
1655,7,364,183963.91623725035,2019-09-14
1656,73,402,270291.17078058363,2024-03-31
1657,9,267,395361.059425411,2020-06-16
1658,67,74,379089.4113042534,2021-05-09
1659,50,475,217537.00280359233,2022-03-05
1660,34,203,346510.9749289752,2022-08-16
1661,51,363,223875.21698541509,2023-03-27
1662,66,97,423223.542679052,2020-01-11
1663,68,437,249483.23640353524,2021-08-31
1664,32,79,132687.78377059486,2022-05-09
1665,50,434,31192.040468083156,2020-01-29
1666,16,328,374173.79404090374,2020-10-10
1667,44,19,345385.3677510208,2019-06-19
1668,77,494,333496.8857353668,2020-08-22
1669,35,361,223455.60507150262,2020-11-11
1670,61,422,209176.96514882267,2022-09-09
1671,40,76,379920.6040354479,2023-11-03
1672,41,119,378207.3304710341,2022-02-15
1673,76,385,447576.3191673541,2020-08-18
1674,30,341,141475.1264884244,2020-03-11
1675,29,38,409699.1444247391,2019-11-08
1676,45,460,315535.9762077959,2022-07-24
1677,32,13,379340.6880542827,2024-02-10
1678,16,140,387487.55631389876,2022-05-11
1679,32,377,416512.3068027737,2020-04-30
1680,20,228,70186.39266203629,2023-01-05
1681,26,175,478782.650776141,2024-01-11
1682,7,76,439823.0863980657,2023-08-03
1683,72,215,488720.46260876366,2019-04-30
1684,37,50,395514.04481515166,2020-12-27
1685,82,15,146316.7069131607,2023-02-16
1686,69,249,52830.97695070466,2023-08-16
1687,60,106,430434.42500453006,2022-12-03
1688,54,135,278156.8671774553,2023-01-31
1689,44,379,429545.3697027259,2023-07-19
1690,1,54,59840.659840797394,2020-10-25
1691,70,225,261878.90518048633,2021-07-16
1692,61,372,417395.58282791387,2020-10-17
1693,16,138,28592.405197815136,2023-03-01
1694,10,340,367733.7209900654,2020-01-03
1695,36,366,224485.22272433288,2021-01-31
1696,58,125,208040.20531103114,2023-01-17
1697,76,39,280294.02160972985,2023-03-02
1698,16,115,202930.8423392605,2019-12-19
1699,85,78,493340.13456381654,2019-08-21
1700,1,323,104242.00946349464,2020-02-19
1701,76,175,56376.196643886266,2020-12-14
1702,40,251,139154.7870013011,2023-01-04
1703,28,174,87560.44165022662,2023-03-29
1704,30,409,294086.61361567857,2023-01-28
1705,100,1,261838.59709928138,2021-07-13
1706,24,44,440489.29906409,2021-01-16
1707,86,297,280687.2996680853,2021-08-10
1708,6,154,242177.28309431917,2020-06-18
1709,47,259,330218.6987084884,2021-10-15
1710,65,73,118454.54976680668,2022-04-06
1711,58,427,445033.15322444023,2020-01-06
1712,92,160,41032.52530308483,2020-11-24
1713,67,194,480822.34618882026,2022-10-04
1714,13,397,159413.60157749758,2022-05-09
1715,81,167,174549.17920202803,2020-05-06
1716,92,282,487124.9129439875,2023-09-30
1717,84,202,429781.19337870803,2024-02-10
1718,23,365,121395.33393724733,2021-02-26
1719,5,236,488539.9274894163,2021-05-25
1720,10,309,149253.4763400142,2023-03-08
1721,63,273,358934.56253178697,2022-03-03
1722,65,451,289872.90658289666,2021-07-05
1723,55,471,457998.7647322965,2023-06-04
1724,72,278,107033.85638916894,2020-10-20
1725,70,112,491299.3280923857,2021-09-11
1726,27,248,260073.87979312363,2023-06-20
1727,30,19,16433.462950643767,2021-10-29
1728,84,319,253049.3052490882,2019-09-26
1729,46,14,193367.69244008706,2022-09-21
1730,29,169,474019.5166626726,2022-10-15
1731,78,386,108598.38076891519,2019-10-24
1732,27,108,137028.24968895462,2024-02-08
1733,23,308,139612.25316402366,2021-03-26
1734,77,355,152185.35639009302,2021-08-28
1735,100,102,226693.81482872204,2023-05-23
1736,13,357,303263.99412333284,2022-06-03
1737,30,370,79204.23777943129,2020-08-30
1738,22,432,321752.28591724794,2020-05-05
1739,17,51,220930.72643158733,2020-02-29
1740,83,422,291254.51382094657,2019-09-10
1741,74,223,71467.59892937184,2020-09-26
1742,22,448,186368.38875762932,2023-07-17
1743,66,182,469491.0537657462,2021-03-24
1744,13,448,195508.03171315562,2019-11-03
1745,70,378,467981.7237719135,2023-12-13
1746,86,379,448401.2727098862,2021-05-26
1747,67,423,109811.24946876144,2021-09-18
1748,51,360,427126.71177498734,2024-04-19
1749,83,52,62453.41160731681,2023-12-15
1750,97,204,467193.0116233909,2024-03-11
1751,46,39,485981.6381314412,2023-03-23
1752,92,47,253873.39076466506,2019-05-16
1753,6,385,321906.3552703403,2019-10-11
1754,73,368,443514.4523728708,2020-09-03
1755,82,38,266264.29904209275,2020-02-03
1756,70,63,111806.27044773332,2021-01-30
1757,78,410,286366.23890342267,2022-02-19
1758,49,242,294607.54249285714,2022-11-06
1759,88,76,275009.5481740949,2020-10-16
1760,52,88,192499.91927132796,2019-09-27
1761,48,421,219352.54796626462,2024-02-15
1762,56,264,197303.05622382445,2023-09-08
1763,85,165,47554.62748599091,2023-12-11
1764,69,217,336932.36198079656,2021-06-03
1765,18,167,32228.773504449888,2023-05-03
1766,71,231,44065.17481252779,2023-01-03
1767,94,377,403660.6171511036,2020-05-12
1768,89,464,459967.7942478702,2020-10-30
1769,14,240,367838.5696794797,2021-10-03
1770,77,234,21623.631054407524,2022-08-14
1771,58,354,163819.34550109514,2022-08-07
1772,13,3,128837.17338814016,2021-05-03
1773,51,479,471291.4012310996,2022-02-25
1774,8,90,152617.38802478867,2021-09-20
1775,68,6,289041.29201560136,2022-06-04
1776,31,10,405230.1420591223,2021-09-09
1777,26,120,279432.00497270207,2019-11-09
1778,69,419,30362.900568766243,2020-01-13
1779,32,414,58642.11550404334,2022-09-23
1780,23,328,49623.65390793576,2023-04-08
1781,51,21,136231.0797024368,2021-08-24
1782,53,188,180647.68598667567,2023-02-07
1783,24,8,226949.64152668044,2019-07-24
1784,85,233,296089.81144626456,2023-11-02
1785,99,417,99728.67557518756,2021-09-06
1786,46,445,173246.54188225794,2019-05-21
1787,28,257,35561.30455475516,2021-09-20
1788,60,299,138599.9749951866,2022-01-22
1789,45,310,356865.6742321781,2019-10-02
1790,49,276,379903.7787477785,2024-01-07
1791,40,134,181518.84989175765,2022-07-18
1792,70,482,46818.55966044136,2023-04-09
1793,77,28,283604.97310941294,2020-12-18
1794,64,231,402621.247473534,2019-08-22
1795,34,97,308740.6468219023,2021-04-13
1796,81,126,282121.4956106624,2022-10-21
1797,66,377,380049.7483685576,2021-04-16
1798,32,482,170869.21327548436,2020-05-16
1799,62,206,162035.8406756531,2023-11-21
1800,65,291,419017.43328835967,2023-07-04
1801,40,442,269602.68925680977,2023-02-17
1802,67,414,105438.58704440214,2021-01-31
1803,47,11,469371.2089983303,2023-12-18
1804,65,34,473693.2391530318,2019-11-05
1805,10,385,438550.92032464064,2020-12-19
1806,7,493,74360.1300176892,2020-01-04
1807,20,36,101438.75210268862,2021-01-26
1808,54,452,405021.9948362892,2020-04-30
1809,69,26,281727.2668781721,2020-07-22
1810,69,201,82109.72910162584,2020-07-03
1811,68,36,451491.03504477855,2019-07-07
1812,73,480,181222.4678579151,2021-05-24
1813,21,369,282327.13973618014,2021-05-15
1814,28,203,49487.188481740086,2019-09-13
1815,79,254,343058.2253062553,2019-11-30
1816,47,482,312263.0329238877,2022-05-21
1817,68,270,130731.87557534242,2021-12-07
1818,55,171,361596.6234779122,2019-09-15
1819,89,126,280446.9820504147,2024-04-23
1820,3,12,359791.82513222226,2021-01-01
1821,80,371,107222.90867454042,2021-09-20
1822,97,398,207444.98328275574,2023-07-06
1823,23,52,267625.147749739,2020-02-24
1824,55,11,312645.54171286686,2022-10-27
1825,76,420,365797.37144178303,2023-04-21
1826,70,281,467042.0695948003,2023-01-18
1827,78,407,375577.6088466239,2021-10-17
1828,74,365,358800.50957901735,2020-05-12
1829,50,375,296019.5345180458,2024-02-21
1830,33,122,188233.37533228655,2020-03-13
1831,74,423,142058.17605486832,2022-02-26
1832,75,87,394276.525043731,2021-12-20
1833,33,54,435253.260556879,2023-02-27
1834,9,439,281895.93765296834,2022-07-10
1835,16,374,281706.43851537484,2019-05-06
1836,19,353,213061.40074806134,2020-04-19
1837,13,484,28110.263087610325,2021-01-21
1838,20,391,139405.93793260126,2021-04-06
1839,78,105,391595.0528729076,2019-12-21
1840,100,16,400644.8831748584,2019-05-15
1841,67,107,355729.17989281355,2024-01-09
1842,8,315,64670.03086608236,2019-10-31
1843,31,123,238718.67518187943,2024-03-19
1844,4,163,296333.93093625054,2019-10-03
1845,69,284,171002.45229327722,2020-07-01
1846,82,416,147041.44397618333,2019-12-04
1847,53,119,77493.94059993746,2024-04-11
1848,20,119,218784.81156359692,2021-02-04
1849,61,461,292933.16554098786,2021-12-31
1850,88,128,112815.35616569825,2023-11-13
1851,72,310,359252.14398601436,2022-01-15
1852,30,194,113167.58462503708,2021-11-22
1853,36,372,147424.43516895108,2022-02-23
1854,37,139,145889.07997173123,2023-06-28
1855,38,135,345472.2774990745,2021-07-05
1856,47,98,210050.73185358432,2019-05-03
1857,15,404,393153.2516178546,2023-06-27
1858,2,86,330185.3507112474,2019-11-03
1859,9,40,78088.4562252478,2019-06-18
1860,30,182,388291.4587373016,2020-07-01
1861,7,250,116616.88450848755,2021-04-03
1862,5,105,478985.2655354375,2021-02-27
1863,85,467,253361.5956752899,2019-12-08
1864,16,479,439249.568516002,2021-10-23
1865,31,464,263302.9314470419,2023-06-20
1866,99,274,182790.53101912944,2021-04-19
1867,38,259,122241.85132854774,2022-11-09
1868,23,386,330977.4872824726,2023-12-24
1869,1,413,219655.1786011901,2019-06-20
1870,78,376,423373.0335302038,2023-12-09
1871,32,330,47895.81902834889,2022-06-20
1872,94,256,116105.9711741763,2022-07-15
1873,1,171,34156.74927645856,2024-01-27
1874,89,320,346255.7590583609,2020-09-30
1875,79,229,455087.567895413,2022-05-29
1876,48,335,176579.87550289978,2023-03-01
1877,98,195,493457.048575328,2020-10-07
1878,59,476,14116.08092731779,2022-10-04
1879,45,17,245211.02056867132,2022-09-09
1880,78,278,232468.18962029117,2022-08-09
1881,9,134,136560.3484886382,2021-05-24
1882,28,195,376738.65738262597,2020-08-04
1883,41,47,375929.94506399985,2022-03-16
1884,94,392,147451.29621931363,2021-10-12
1885,74,237,221380.62792052818,2020-08-26
1886,63,244,61240.37244110943,2022-06-03
1887,18,338,86519.88476863514,2023-07-16
1888,54,57,219508.329357476,2024-03-06
1889,50,50,304391.3358759836,2022-07-16
1890,92,246,76289.77071503941,2020-05-23
1891,96,428,475834.1955932355,2022-08-26
1892,86,134,19612.77987632341,2023-06-14
1893,21,34,446692.38412827055,2022-08-22
1894,55,480,237402.14984209978,2023-01-12
1895,47,405,217276.34941964474,2022-08-22
1896,55,338,357106.2889657919,2021-10-09
1897,93,204,160291.0651231363,2022-10-08
1898,51,289,83383.93712121915,2020-10-09
1899,4,207,203112.91272464345,2021-11-21
1900,31,10,325966.9823987881,2022-12-28
1901,20,492,338923.988419323,2024-03-03
1902,37,309,188474.46399980935,2021-09-17
1903,70,385,218526.72924792476,2023-04-04
1904,78,377,74929.34805384185,2021-04-01
1905,83,418,126754.63763060802,2021-08-13
1906,99,375,50387.94714657412,2024-04-25
1907,2,436,190520.02426925604,2019-12-07
1908,8,37,250451.0754122937,2023-08-02
1909,66,42,287422.7522796869,2022-05-13
1910,15,252,175398.1232440444,2023-06-23
1911,9,138,394104.44874858344,2020-09-15
1912,90,405,446722.6250095033,2021-07-17
1913,31,445,202316.37229089226,2023-10-19
1914,72,270,63427.019595961276,2020-01-20
1915,83,113,242587.7297023983,2020-12-24
1916,19,164,310527.2934364566,2021-07-21
1917,46,38,116194.92894743844,2019-07-20
1918,65,353,179700.41286253056,2019-07-18
1919,87,326,459913.69015758304,2019-11-01
1920,90,447,99458.18350408836,2024-02-03
1921,22,498,329473.4563335033,2021-08-25
1922,16,306,341418.07880569034,2021-04-20
1923,33,458,213407.9448537869,2021-11-27
1924,80,360,69344.50464704949,2022-03-30
1925,23,290,12714.444357194481,2021-02-28
1926,68,225,362556.8437541457,2024-01-27
1927,1,380,258865.56778406355,2023-12-09
1928,90,49,299039.5091308709,2023-01-19
1929,34,13,453837.67140538635,2022-04-01
1930,68,437,407215.422644828,2021-06-28
1931,95,461,222285.1664794932,2021-05-22
1932,10,482,364008.63534995716,2020-06-26
1933,94,127,91561.14823753014,2020-02-13
1934,81,27,302443.03544427885,2019-11-19
1935,92,137,325785.1237503453,2020-07-11
1936,19,148,356571.8176261605,2021-06-17
1937,21,101,86897.99028442256,2023-12-25
1938,7,18,90911.31620383011,2022-05-10
1939,65,408,116609.20457426064,2022-11-10
1940,70,76,345233.2219159033,2020-02-06
1941,99,109,56707.32237759007,2023-10-13
1942,38,263,398686.7170953637,2022-10-08
1943,57,388,46409.537445025104,2021-12-18
1944,45,52,405746.27978790563,2020-10-22
1945,76,391,247806.25221924324,2022-08-30
1946,47,391,433648.7412475771,2020-06-26
1947,36,372,47673.84412547746,2019-07-27
1948,81,67,492841.70063666947,2020-11-11
1949,22,165,363369.29012475704,2021-11-16
1950,3,272,195687.3156604421,2022-08-30
1951,36,148,483946.98959472636,2019-10-19
1952,94,92,467784.9737708229,2022-04-09
1953,65,96,476060.50511556095,2021-11-23
1954,57,271,179815.00798909474,2024-03-25
1955,88,89,408368.82441722497,2019-08-12
1956,97,203,212201.77092727556,2022-05-31
1957,74,276,421622.5300803215,2024-03-11
1958,23,273,115856.8946450952,2022-05-20
1959,82,332,137440.86181580977,2022-03-20
1960,57,128,339061.8568472067,2022-11-22
1961,45,468,237500.26396083395,2021-07-20
1962,100,42,416306.83542242955,2023-08-04
1963,86,251,315801.68552738265,2019-12-05
1964,27,387,170916.0544481602,2022-10-30
1965,34,476,77914.88017364513,2019-12-27
1966,53,223,348871.1188660541,2019-12-26
1967,28,327,282044.9873205714,2022-12-12
1968,90,286,28317.75504517515,2023-09-18
1969,65,26,220626.6513559427,2022-12-09
1970,53,111,247001.6428402065,2019-12-26
1971,83,274,275463.54053287633,2021-12-27
1972,75,190,487308.6588735831,2024-04-15
1973,43,428,238458.2749888097,2023-09-09
1974,17,450,281246.19486942195,2020-04-11
1975,53,326,249328.66820876615,2019-08-15
1976,9,279,302779.55504583457,2019-08-30
1977,81,404,130699.3516379913,2021-01-11
1978,96,19,329485.32518792676,2022-12-21
1979,35,373,436010.4676328962,2022-04-22
1980,52,114,145847.22383768097,2023-01-09
1981,44,222,130661.81041949838,2023-07-01
1982,96,118,314311.46673573734,2022-04-27
1983,88,330,67489.8111862652,2019-11-22
1984,73,388,302649.1223338347,2019-08-07
1985,53,178,199623.34474447372,2019-12-24
1986,9,472,211476.80600158125,2020-09-07
1987,38,427,65236.392595030244,2022-12-21
1988,58,322,103297.28748061495,2022-04-16
1989,75,203,399724.5011196018,2023-07-26
1990,42,33,358356.4293435277,2020-03-04
1991,86,33,469916.3913785057,2021-12-25
1992,36,72,461516.12367319415,2024-04-11
1993,41,21,10376.261720483464,2020-11-20
1994,16,427,80453.08037249318,2023-05-26
1995,9,469,456027.598656447,2020-02-28
1996,93,230,221460.4075826463,2020-11-12
1997,68,91,202286.78563070847,2021-05-06
1998,33,271,129404.13068802255,2023-02-05
1999,12,242,461109.5878466487,2021-10-24
2000,47,124,190032.15911034733,2022-10-02
